
--Insert into KIERUNEK (id,nazwa,il_sem,czesne) values (1,'INFORMATYKA - I STOPNIA',7,404.52, 10);
--Insert into KIERUNEK (id,nazwa,il_sem,czesne) values (2,'INFORMATYKA - II STOPNIA',3,600.89, 8);
--Insert into KIERUNEK (id,nazwa,il_sem,czesne) values (3,'PSYCHOLOGIA - II STOPNIA',10,643.22, 12);

Insert into SEMESTR (id,kierunek_id,numer) values (1,1,1);
Insert into SEMESTR (id,kierunek_id,numer) values (4,1,2);
Insert into SEMESTR (id,kierunek_id,numer) values (7,1,3);
Insert into SEMESTR (id,kierunek_id,numer) values (19,1,4);
Insert into SEMESTR (id,kierunek_id,numer) values (13,1,5);
Insert into SEMESTR (id,kierunek_id,numer) values (16,1,6);
Insert into SEMESTR (id,kierunek_id,numer) values (20,1,7);
Insert into SEMESTR (id,kierunek_id,numer) values (2,2,1);
Insert into SEMESTR (id,kierunek_id,numer) values (5,2,2);
Insert into SEMESTR (id,kierunek_id,numer) values (8,2,3);
Insert into SEMESTR (id,kierunek_id,numer) values (3,3,1);
Insert into SEMESTR (id,kierunek_id,numer) values (6,3,2);
Insert into SEMESTR (id,kierunek_id,numer) values (9,3,3);
Insert into SEMESTR (id,kierunek_id,numer) values (12,3,4);
Insert into SEMESTR (id,kierunek_id,numer) values (15,3,5);
Insert into SEMESTR (id,kierunek_id,numer) values (18,3,6);
Insert into SEMESTR (id,kierunek_id,numer) values (11,3,7);
Insert into SEMESTR (id,kierunek_id,numer) values (14,3,8);
Insert into SEMESTR (id,kierunek_id,numer) values (17,3,9);
Insert into SEMESTR (id,kierunek_id,numer) values (21,3,10);


Insert into STUDENT (id,imie,nazwisko,data_ur,ulica,nr_domu,nr_mieszk,miasto,kod_poczt) values (1,'MAREK','SZAFRANIEC','1986-08-05','HUTNICZA','4','5','SIEMIANOWICE SL','41-100');
Insert into STUDENT (id,imie,nazwisko,data_ur,ulica,nr_domu,nr_mieszk,miasto,kod_poczt) values (2,'PIOTR','JANIK','1984-05-05','GLIWICKA','1','15','GLIWICE','44-140');
Insert into STUDENT (id,imie,nazwisko,data_ur,ulica,nr_domu,nr_mieszk,miasto,kod_poczt) values (3,'ADAM','MALYSZ','1970-12-05','KATOWICKA','40',null,'ZAKOPANE','35-500');
Insert into STUDENT (id,imie,nazwisko,data_ur,ulica,nr_domu,nr_mieszk,miasto,kod_poczt) values (4,'ANIA','JAKAS','1995-01-05','KWIATOWA','4','5','BYTOM','99-200');
Insert into STUDENT (id,imie,nazwisko,data_ur,ulica,nr_domu,nr_mieszk,miasto,kod_poczt) values (5,'JAN','NOWAK','1986-09-05','NOWA','4','5','SIEMIANOWICE SL','41-100');
Insert into STUDENT (id,imie,nazwisko,data_ur,ulica,nr_domu,nr_mieszk,miasto,kod_poczt) values (6,'JOLANTA','KOWALSKA','1984-01-05','STARA','1','15','KATOWICE','44-140');
Insert into STUDENT (id,imie,nazwisko,data_ur,ulica,nr_domu,nr_mieszk,miasto,kod_poczt) values (7,'EWELINA','KOWALSKI','1970-12-05','POLNA','40',null,'KRAKOW','35-500');
Insert into STUDENT (id,imie,nazwisko,data_ur,ulica,nr_domu,nr_mieszk,miasto,kod_poczt) values (8,'KATARZYNA','BIERNAS','1995-01-06','WIEJSKA','4','5','WROCLAW','99-200');
Insert into STUDENT (id,imie,nazwisko,data_ur,ulica,nr_domu,nr_mieszk,miasto,kod_poczt) values (9,'PAWEŁ','NOWROTEK','1988-04-05','MIEJSKA','4','5','SIEMIANOWICE SL','41-100');
Insert into STUDENT (id,imie,nazwisko,data_ur,ulica,nr_domu,nr_mieszk,miasto,kod_poczt) values (10,'DOMINIK','JAWORSKI','1984-05-05','KOSZUTKI','1','15','KOSZALIN','44-140');
Insert into STUDENT (id,imie,nazwisko,data_ur,ulica,nr_domu,nr_mieszk,miasto,kod_poczt) values (11,'EWA','KONOPKA','1979-11-05','ASNYKA','40',null,'ZYWIEC','35-500');
Insert into STUDENT (id,imie,nazwisko,data_ur,ulica,nr_domu,nr_mieszk,miasto,kod_poczt) values (12,'KAROL','KAMINSKI','1998-11-05','MIKOLOWSKA','4','5','RUDA SLASKA','99-210');


Insert into OKRES_ST (id,kierunek_id,student_id,data_od,data_do) values (1,1,1,'2010-10-01','2014-03-31');
Insert into OKRES_ST (id,kierunek_id,student_id,data_od,data_do) values (2,1,2,'2010-10-01','2014-03-31');
Insert into OKRES_ST (id,kierunek_id,student_id,data_od,data_do) values (3,2,3,'2012-04-01','2014-03-31');
Insert into OKRES_ST (id,kierunek_id,student_id,data_od,data_do) values (4,3,4,'2010-10-01','2014-03-31');
Insert into OKRES_ST (id,kierunek_id,student_id,data_od,data_do) values (5,1,5,'2010-10-01','2014-03-31');
Insert into OKRES_ST (id,kierunek_id,student_id,data_od,data_do) values (6,1,6,'2010-10-01','2014-03-31');
Insert into OKRES_ST (id,kierunek_id,student_id,data_od,data_do) values (7,1,7,'2010-10-01','2014-03-31');
Insert into OKRES_ST (id,kierunek_id,student_id,data_od,data_do) values (8,1,8,'2010-10-01','2014-03-31');
Insert into OKRES_ST (id,kierunek_id,student_id,data_od,data_do) values (9,1,9,'2010-10-01','2014-03-31');
Insert into OKRES_ST (id,kierunek_id,student_id,data_od,data_do) values (10,1,10,'2010-10-01','2014-03-31');
Insert into OKRES_ST (id,kierunek_id,student_id,data_od,data_do) values (11,1,11,'2010-10-01','2014-03-31');
Insert into OKRES_ST (id,kierunek_id,student_id,data_od,data_do) values (12,1,12,'2010-10-01','2014-03-31');
Insert into OKRES_ST (id,kierunek_id,student_id,data_od,data_do) values (13,1,3,'2012-04-01','2014-03-31');
Insert into OKRES_ST (id,kierunek_id,student_id,data_od,data_do) values (14,1,3,'2010-04-01','2011-03-31');

Insert into PRZEDMIOT (id,nazwa,il_wyk,il_cw) values (1,'Programowanie' ,15,null);
Insert into PRZEDMIOT (id,nazwa,il_wyk,il_cw) values (2,'Psychologia' ,10,null);
Insert into PRZEDMIOT (id,nazwa,il_wyk,il_cw) values (3,'Algebra liniowa' ,20,null);
Insert into PRZEDMIOT (id,nazwa,il_wyk,il_cw) values (4,'Algorytmy' ,17,null);
Insert into PRZEDMIOT (id,nazwa,il_wyk,il_cw) values (5,'Programowanie współbieżne' ,10,null);
Insert into PRZEDMIOT (id,nazwa,il_wyk,il_cw) values (6,'Bazy danych' ,25,null);
Insert into PRZEDMIOT (id,nazwa,il_wyk,il_cw) values (7,'Systemy operacyjne' ,18,null);
Insert into PRZEDMIOT (id,nazwa,il_wyk,il_cw) values (8,'Socjologia' ,10,null);
Insert into PRZEDMIOT (id,nazwa,il_wyk,il_cw) values (9,'Inżynieria oprogramowania' ,20,null);
Insert into PRZEDMIOT (id,nazwa,il_wyk,il_cw) values (10,'Analiza matematyczna' ,13,null);

Insert into SEMESTR_PRZEDMIOT (semestr_id,przedmiot_id) values (1, 1);
Insert into SEMESTR_PRZEDMIOT (semestr_id,przedmiot_id) values (1, 2);
Insert into SEMESTR_PRZEDMIOT (semestr_id,przedmiot_id) values (1, 3);
Insert into SEMESTR_PRZEDMIOT (semestr_id,przedmiot_id) values (1, 4);
Insert into SEMESTR_PRZEDMIOT (semestr_id,przedmiot_id) values (1, 5);
Insert into SEMESTR_PRZEDMIOT (semestr_id,przedmiot_id) values (2, 6);
Insert into SEMESTR_PRZEDMIOT (semestr_id,przedmiot_id) values (2, 7);
Insert into SEMESTR_PRZEDMIOT (semestr_id,przedmiot_id) values (2, 8);
Insert into SEMESTR_PRZEDMIOT (semestr_id,przedmiot_id) values (2, 9);
Insert into SEMESTR_PRZEDMIOT (semestr_id,przedmiot_id) values (2, 10);
Insert into SEMESTR_PRZEDMIOT (semestr_id,przedmiot_id) values (3, 1);
Insert into SEMESTR_PRZEDMIOT (semestr_id,przedmiot_id) values (3, 5);
Insert into SEMESTR_PRZEDMIOT (semestr_id,przedmiot_id) values (3, 6);
Insert into SEMESTR_PRZEDMIOT (semestr_id,przedmiot_id) values (3, 8);
Insert into SEMESTR_PRZEDMIOT (semestr_id,przedmiot_id) values (3, 9);
Insert into SEMESTR_PRZEDMIOT (semestr_id,przedmiot_id) values (3, 10);
Insert into SEMESTR_PRZEDMIOT (semestr_id,przedmiot_id) values (5, 5);
Insert into SEMESTR_PRZEDMIOT (semestr_id,przedmiot_id) values (6, 7);
Insert into SEMESTR_PRZEDMIOT (semestr_id,przedmiot_id) values (7, 9);
Insert into SEMESTR_PRZEDMIOT (semestr_id,przedmiot_id) values (8, 10);
Insert into SEMESTR_PRZEDMIOT (semestr_id,przedmiot_id) values (9, 10);
Insert into SEMESTR_PRZEDMIOT (semestr_id,przedmiot_id) values (9, 1);

Insert into OKRES_SYM (rok,mc,rok_mc) values (1990,1,199001);
Insert into OKRES_SYM (rok,mc,rok_mc) values (1990,2,199002);
Insert into OKRES_SYM (rok,mc,rok_mc) values (1990,3,199003);
Insert into OKRES_SYM (rok,mc,rok_mc) values (1990,4,199004);
Insert into OKRES_SYM (rok,mc,rok_mc) values (1990,5,199005);
Insert into OKRES_SYM (rok,mc,rok_mc) values (1990,6,199006);
Insert into OKRES_SYM (rok,mc,rok_mc) values (1990,7,199007);
Insert into OKRES_SYM (rok,mc,rok_mc) values (1990,8,199008);
Insert into OKRES_SYM (rok,mc,rok_mc) values (1990,9,199009);
Insert into OKRES_SYM (rok,mc,rok_mc) values (1990,10,199010);
Insert into OKRES_SYM (rok,mc,rok_mc) values (1990,11,199011);
Insert into OKRES_SYM (rok,mc,rok_mc) values (1990,12,199012);
Insert into OKRES_SYM (rok,mc,rok_mc) values (1991,1,199101);
Insert into OKRES_SYM (rok,mc,rok_mc) values (1991,2,199102);
Insert into OKRES_SYM (rok,mc,rok_mc) values (1991,3,199103);
Insert into OKRES_SYM (rok,mc,rok_mc) values (1991,4,199104);
Insert into OKRES_SYM (rok,mc,rok_mc) values (1991,5,199105);
Insert into OKRES_SYM (rok,mc,rok_mc) values (1991,6,199106);
Insert into OKRES_SYM (rok,mc,rok_mc) values (1991,7,199107);
Insert into OKRES_SYM (rok,mc,rok_mc) values (1991,8,199108);
Insert into OKRES_SYM (rok,mc,rok_mc) values (1991,9,199109);
Insert into OKRES_SYM (rok,mc,rok_mc) values (1991,10,199110);
Insert into OKRES_SYM (rok,mc,rok_mc) values (1991,11,199111);
Insert into OKRES_SYM (rok,mc,rok_mc) values (1991,12,199112);
Insert into OKRES_SYM (rok,mc,rok_mc) values (1992,1,199201);
Insert into OKRES_SYM (rok,mc,rok_mc) values (1992,2,199202);
Insert into OKRES_SYM (rok,mc,rok_mc) values (1992,3,199203);
Insert into OKRES_SYM (rok,mc,rok_mc) values (1992,4,199204);
Insert into OKRES_SYM (rok,mc,rok_mc) values (1992,5,199205);
Insert into OKRES_SYM (rok,mc,rok_mc) values (1992,6,199206);
Insert into OKRES_SYM (rok,mc,rok_mc) values (1992,7,199207);
Insert into OKRES_SYM (rok,mc,rok_mc) values (1992,8,199208);
Insert into OKRES_SYM (rok,mc,rok_mc) values (1992,9,199209);
Insert into OKRES_SYM (rok,mc,rok_mc) values (1992,10,199210);
Insert into OKRES_SYM (rok,mc,rok_mc) values (1992,11,199211);
Insert into OKRES_SYM (rok,mc,rok_mc) values (1992,12,199212);
Insert into OKRES_SYM (rok,mc,rok_mc) values (1993,1,199301);
Insert into OKRES_SYM (rok,mc,rok_mc) values (1993,2,199302);
Insert into OKRES_SYM (rok,mc,rok_mc) values (1993,3,199303);
Insert into OKRES_SYM (rok,mc,rok_mc) values (1993,4,199304);
Insert into OKRES_SYM (rok,mc,rok_mc) values (1993,5,199305);
Insert into OKRES_SYM (rok,mc,rok_mc) values (1993,6,199306);
Insert into OKRES_SYM (rok,mc,rok_mc) values (1993,7,199307);
Insert into OKRES_SYM (rok,mc,rok_mc) values (1993,8,199308);
Insert into OKRES_SYM (rok,mc,rok_mc) values (1993,9,199309);
Insert into OKRES_SYM (rok,mc,rok_mc) values (1993,10,199310);
Insert into OKRES_SYM (rok,mc,rok_mc) values (1993,11,199311);
Insert into OKRES_SYM (rok,mc,rok_mc) values (1993,12,199312);
Insert into OKRES_SYM (rok,mc,rok_mc) values (1994,1,199401);
Insert into OKRES_SYM (rok,mc,rok_mc) values (1994,2,199402);
Insert into OKRES_SYM (rok,mc,rok_mc) values (1994,3,199403);
Insert into OKRES_SYM (rok,mc,rok_mc) values (1994,4,199404);
Insert into OKRES_SYM (rok,mc,rok_mc) values (1994,5,199405);
Insert into OKRES_SYM (rok,mc,rok_mc) values (1994,6,199406);
Insert into OKRES_SYM (rok,mc,rok_mc) values (1994,7,199407);
Insert into OKRES_SYM (rok,mc,rok_mc) values (1994,8,199408);
Insert into OKRES_SYM (rok,mc,rok_mc) values (1994,9,199409);
Insert into OKRES_SYM (rok,mc,rok_mc) values (1994,10,199410);
Insert into OKRES_SYM (rok,mc,rok_mc) values (1994,11,199411);
Insert into OKRES_SYM (rok,mc,rok_mc) values (1994,12,199412);
Insert into OKRES_SYM (rok,mc,rok_mc) values (1995,1,199501);
Insert into OKRES_SYM (rok,mc,rok_mc) values (1995,2,199502);
Insert into OKRES_SYM (rok,mc,rok_mc) values (1995,3,199503);
Insert into OKRES_SYM (rok,mc,rok_mc) values (1995,4,199504);
Insert into OKRES_SYM (rok,mc,rok_mc) values (1995,5,199505);
Insert into OKRES_SYM (rok,mc,rok_mc) values (1995,6,199506);
Insert into OKRES_SYM (rok,mc,rok_mc) values (1995,7,199507);
Insert into OKRES_SYM (rok,mc,rok_mc) values (1995,8,199508);
Insert into OKRES_SYM (rok,mc,rok_mc) values (1995,9,199509);
Insert into OKRES_SYM (rok,mc,rok_mc) values (1995,10,199510);
Insert into OKRES_SYM (rok,mc,rok_mc) values (1995,11,199511);
Insert into OKRES_SYM (rok,mc,rok_mc) values (1995,12,199512);
Insert into OKRES_SYM (rok,mc,rok_mc) values (1996,1,199601);
Insert into OKRES_SYM (rok,mc,rok_mc) values (1996,2,199602);
Insert into OKRES_SYM (rok,mc,rok_mc) values (1996,3,199603);
Insert into OKRES_SYM (rok,mc,rok_mc) values (1996,4,199604);
Insert into OKRES_SYM (rok,mc,rok_mc) values (1996,5,199605);
Insert into OKRES_SYM (rok,mc,rok_mc) values (1996,6,199606);
Insert into OKRES_SYM (rok,mc,rok_mc) values (1996,7,199607);
Insert into OKRES_SYM (rok,mc,rok_mc) values (1996,8,199608);
Insert into OKRES_SYM (rok,mc,rok_mc) values (1996,9,199609);
Insert into OKRES_SYM (rok,mc,rok_mc) values (1996,10,199610);
Insert into OKRES_SYM (rok,mc,rok_mc) values (1996,11,199611);
Insert into OKRES_SYM (rok,mc,rok_mc) values (1996,12,199612);
Insert into OKRES_SYM (rok,mc,rok_mc) values (1997,1,199701);
Insert into OKRES_SYM (rok,mc,rok_mc) values (1997,2,199702);
Insert into OKRES_SYM (rok,mc,rok_mc) values (1997,3,199703);
Insert into OKRES_SYM (rok,mc,rok_mc) values (1997,4,199704);
Insert into OKRES_SYM (rok,mc,rok_mc) values (1997,5,199705);
Insert into OKRES_SYM (rok,mc,rok_mc) values (1997,6,199706);
Insert into OKRES_SYM (rok,mc,rok_mc) values (1997,7,199707);
Insert into OKRES_SYM (rok,mc,rok_mc) values (1997,8,199708);
Insert into OKRES_SYM (rok,mc,rok_mc) values (1997,9,199709);
Insert into OKRES_SYM (rok,mc,rok_mc) values (1997,10,199710);
Insert into OKRES_SYM (rok,mc,rok_mc) values (1997,11,199711);
Insert into OKRES_SYM (rok,mc,rok_mc) values (1997,12,199712);
Insert into OKRES_SYM (rok,mc,rok_mc) values (1998,1,199801);
Insert into OKRES_SYM (rok,mc,rok_mc) values (1998,2,199802);
Insert into OKRES_SYM (rok,mc,rok_mc) values (1998,3,199803);
Insert into OKRES_SYM (rok,mc,rok_mc) values (1998,4,199804);
Insert into OKRES_SYM (rok,mc,rok_mc) values (1998,5,199805);
Insert into OKRES_SYM (rok,mc,rok_mc) values (1998,6,199806);
Insert into OKRES_SYM (rok,mc,rok_mc) values (1998,7,199807);
Insert into OKRES_SYM (rok,mc,rok_mc) values (1998,8,199808);
Insert into OKRES_SYM (rok,mc,rok_mc) values (1998,9,199809);
Insert into OKRES_SYM (rok,mc,rok_mc) values (1998,10,199810);
Insert into OKRES_SYM (rok,mc,rok_mc) values (1998,11,199811);
Insert into OKRES_SYM (rok,mc,rok_mc) values (1998,12,199812);
Insert into OKRES_SYM (rok,mc,rok_mc) values (1999,1,199901);
Insert into OKRES_SYM (rok,mc,rok_mc) values (1999,2,199902);
Insert into OKRES_SYM (rok,mc,rok_mc) values (1999,3,199903);
Insert into OKRES_SYM (rok,mc,rok_mc) values (1999,4,199904);
Insert into OKRES_SYM (rok,mc,rok_mc) values (1999,5,199905);
Insert into OKRES_SYM (rok,mc,rok_mc) values (1999,6,199906);
Insert into OKRES_SYM (rok,mc,rok_mc) values (1999,7,199907);
Insert into OKRES_SYM (rok,mc,rok_mc) values (1999,8,199908);
Insert into OKRES_SYM (rok,mc,rok_mc) values (1999,9,199909);
Insert into OKRES_SYM (rok,mc,rok_mc) values (1999,10,199910);
Insert into OKRES_SYM (rok,mc,rok_mc) values (1999,11,199911);
Insert into OKRES_SYM (rok,mc,rok_mc) values (1999,12,199912);
Insert into OKRES_SYM (rok,mc,rok_mc) values (2000,1,200001);
Insert into OKRES_SYM (rok,mc,rok_mc) values (2000,2,200002);
Insert into OKRES_SYM (rok,mc,rok_mc) values (2000,3,200003);
Insert into OKRES_SYM (rok,mc,rok_mc) values (2000,4,200004);
Insert into OKRES_SYM (rok,mc,rok_mc) values (2000,5,200005);
Insert into OKRES_SYM (rok,mc,rok_mc) values (2000,6,200006);
Insert into OKRES_SYM (rok,mc,rok_mc) values (2000,7,200007);
Insert into OKRES_SYM (rok,mc,rok_mc) values (2000,8,200008);
Insert into OKRES_SYM (rok,mc,rok_mc) values (2000,9,200009);
Insert into OKRES_SYM (rok,mc,rok_mc) values (2000,10,200010);
Insert into OKRES_SYM (rok,mc,rok_mc) values (2000,11,200011);
Insert into OKRES_SYM (rok,mc,rok_mc) values (2000,12,200012);
Insert into OKRES_SYM (rok,mc,rok_mc) values (2001,1,200101);
Insert into OKRES_SYM (rok,mc,rok_mc) values (2001,2,200102);
Insert into OKRES_SYM (rok,mc,rok_mc) values (2001,3,200103);
Insert into OKRES_SYM (rok,mc,rok_mc) values (2001,4,200104);
Insert into OKRES_SYM (rok,mc,rok_mc) values (2001,5,200105);
Insert into OKRES_SYM (rok,mc,rok_mc) values (2001,6,200106);
Insert into OKRES_SYM (rok,mc,rok_mc) values (2001,7,200107);
Insert into OKRES_SYM (rok,mc,rok_mc) values (2001,8,200108);
Insert into OKRES_SYM (rok,mc,rok_mc) values (2001,9,200109);
Insert into OKRES_SYM (rok,mc,rok_mc) values (2001,10,200110);
Insert into OKRES_SYM (rok,mc,rok_mc) values (2001,11,200111);
Insert into OKRES_SYM (rok,mc,rok_mc) values (2001,12,200112);
Insert into OKRES_SYM (rok,mc,rok_mc) values (2002,1,200201);
Insert into OKRES_SYM (rok,mc,rok_mc) values (2002,2,200202);
Insert into OKRES_SYM (rok,mc,rok_mc) values (2002,3,200203);
Insert into OKRES_SYM (rok,mc,rok_mc) values (2002,4,200204);
Insert into OKRES_SYM (rok,mc,rok_mc) values (2002,5,200205);
Insert into OKRES_SYM (rok,mc,rok_mc) values (2002,6,200206);
Insert into OKRES_SYM (rok,mc,rok_mc) values (2002,7,200207);
Insert into OKRES_SYM (rok,mc,rok_mc) values (2002,8,200208);
Insert into OKRES_SYM (rok,mc,rok_mc) values (2002,9,200209);
Insert into OKRES_SYM (rok,mc,rok_mc) values (2002,10,200210);
Insert into OKRES_SYM (rok,mc,rok_mc) values (2002,11,200211);
Insert into OKRES_SYM (rok,mc,rok_mc) values (2002,12,200212);
Insert into OKRES_SYM (rok,mc,rok_mc) values (2003,1,200301);
Insert into OKRES_SYM (rok,mc,rok_mc) values (2003,2,200302);
Insert into OKRES_SYM (rok,mc,rok_mc) values (2003,3,200303);
Insert into OKRES_SYM (rok,mc,rok_mc) values (2003,4,200304);
Insert into OKRES_SYM (rok,mc,rok_mc) values (2003,5,200305);
Insert into OKRES_SYM (rok,mc,rok_mc) values (2003,6,200306);
Insert into OKRES_SYM (rok,mc,rok_mc) values (2003,7,200307);
Insert into OKRES_SYM (rok,mc,rok_mc) values (2003,8,200308);
Insert into OKRES_SYM (rok,mc,rok_mc) values (2003,9,200309);
Insert into OKRES_SYM (rok,mc,rok_mc) values (2003,10,200310);
Insert into OKRES_SYM (rok,mc,rok_mc) values (2003,11,200311);
Insert into OKRES_SYM (rok,mc,rok_mc) values (2003,12,200312);
Insert into OKRES_SYM (rok,mc,rok_mc) values (2004,1,200401);
Insert into OKRES_SYM (rok,mc,rok_mc) values (2004,2,200402);
Insert into OKRES_SYM (rok,mc,rok_mc) values (2004,3,200403);
Insert into OKRES_SYM (rok,mc,rok_mc) values (2004,4,200404);
Insert into OKRES_SYM (rok,mc,rok_mc) values (2004,5,200405);
Insert into OKRES_SYM (rok,mc,rok_mc) values (2004,6,200406);
Insert into OKRES_SYM (rok,mc,rok_mc) values (2004,7,200407);
Insert into OKRES_SYM (rok,mc,rok_mc) values (2004,8,200408);
Insert into OKRES_SYM (rok,mc,rok_mc) values (2004,9,200409);
Insert into OKRES_SYM (rok,mc,rok_mc) values (2004,10,200410);
Insert into OKRES_SYM (rok,mc,rok_mc) values (2004,11,200411);
Insert into OKRES_SYM (rok,mc,rok_mc) values (2004,12,200412);
Insert into OKRES_SYM (rok,mc,rok_mc) values (2005,1,200501);
Insert into OKRES_SYM (rok,mc,rok_mc) values (2005,2,200502);
Insert into OKRES_SYM (rok,mc,rok_mc) values (2005,3,200503);
Insert into OKRES_SYM (rok,mc,rok_mc) values (2005,4,200504);
Insert into OKRES_SYM (rok,mc,rok_mc) values (2005,5,200505);
Insert into OKRES_SYM (rok,mc,rok_mc) values (2005,6,200506);
Insert into OKRES_SYM (rok,mc,rok_mc) values (2005,7,200507);
Insert into OKRES_SYM (rok,mc,rok_mc) values (2005,8,200508);
Insert into OKRES_SYM (rok,mc,rok_mc) values (2005,9,200509);
Insert into OKRES_SYM (rok,mc,rok_mc) values (2005,10,200510);
Insert into OKRES_SYM (rok,mc,rok_mc) values (2005,11,200511);
Insert into OKRES_SYM (rok,mc,rok_mc) values (2005,12,200512);
Insert into OKRES_SYM (rok,mc,rok_mc) values (2006,1,200601);
Insert into OKRES_SYM (rok,mc,rok_mc) values (2006,2,200602);
Insert into OKRES_SYM (rok,mc,rok_mc) values (2006,3,200603);
Insert into OKRES_SYM (rok,mc,rok_mc) values (2006,4,200604);
Insert into OKRES_SYM (rok,mc,rok_mc) values (2006,5,200605);
Insert into OKRES_SYM (rok,mc,rok_mc) values (2006,6,200606);
Insert into OKRES_SYM (rok,mc,rok_mc) values (2006,7,200607);
Insert into OKRES_SYM (rok,mc,rok_mc) values (2006,8,200608);
Insert into OKRES_SYM (rok,mc,rok_mc) values (2006,9,200609);
Insert into OKRES_SYM (rok,mc,rok_mc) values (2006,10,200610);
Insert into OKRES_SYM (rok,mc,rok_mc) values (2006,11,200611);
Insert into OKRES_SYM (rok,mc,rok_mc) values (2006,12,200612);
Insert into OKRES_SYM (rok,mc,rok_mc) values (2007,1,200701);
Insert into OKRES_SYM (rok,mc,rok_mc) values (2007,2,200702);
Insert into OKRES_SYM (rok,mc,rok_mc) values (2007,3,200703);
Insert into OKRES_SYM (rok,mc,rok_mc) values (2007,4,200704);
Insert into OKRES_SYM (rok,mc,rok_mc) values (2007,5,200705);
Insert into OKRES_SYM (rok,mc,rok_mc) values (2007,6,200706);
Insert into OKRES_SYM (rok,mc,rok_mc) values (2007,7,200707);
Insert into OKRES_SYM (rok,mc,rok_mc) values (2007,8,200708);
Insert into OKRES_SYM (rok,mc,rok_mc) values (2007,9,200709);
Insert into OKRES_SYM (rok,mc,rok_mc) values (2007,10,200710);
Insert into OKRES_SYM (rok,mc,rok_mc) values (2007,11,200711);
Insert into OKRES_SYM (rok,mc,rok_mc) values (2007,12,200712);
Insert into OKRES_SYM (rok,mc,rok_mc) values (2008,1,200801);
Insert into OKRES_SYM (rok,mc,rok_mc) values (2008,2,200802);
Insert into OKRES_SYM (rok,mc,rok_mc) values (2008,3,200803);
Insert into OKRES_SYM (rok,mc,rok_mc) values (2008,4,200804);
Insert into OKRES_SYM (rok,mc,rok_mc) values (2008,5,200805);
Insert into OKRES_SYM (rok,mc,rok_mc) values (2008,6,200806);
Insert into OKRES_SYM (rok,mc,rok_mc) values (2008,7,200807);
Insert into OKRES_SYM (rok,mc,rok_mc) values (2008,8,200808);
Insert into OKRES_SYM (rok,mc,rok_mc) values (2008,9,200809);
Insert into OKRES_SYM (rok,mc,rok_mc) values (2008,10,200810);
Insert into OKRES_SYM (rok,mc,rok_mc) values (2008,11,200811);
Insert into OKRES_SYM (rok,mc,rok_mc) values (2008,12,200812);
Insert into OKRES_SYM (rok,mc,rok_mc) values (2009,1,200901);
Insert into OKRES_SYM (rok,mc,rok_mc) values (2009,2,200902);
Insert into OKRES_SYM (rok,mc,rok_mc) values (2009,3,200903);
Insert into OKRES_SYM (rok,mc,rok_mc) values (2009,4,200904);
Insert into OKRES_SYM (rok,mc,rok_mc) values (2009,5,200905);
Insert into OKRES_SYM (rok,mc,rok_mc) values (2009,6,200906);
Insert into OKRES_SYM (rok,mc,rok_mc) values (2009,7,200907);
Insert into OKRES_SYM (rok,mc,rok_mc) values (2009,8,200908);
Insert into OKRES_SYM (rok,mc,rok_mc) values (2009,9,200909);
Insert into OKRES_SYM (rok,mc,rok_mc) values (2009,10,200910);
Insert into OKRES_SYM (rok,mc,rok_mc) values (2009,11,200911);
Insert into OKRES_SYM (rok,mc,rok_mc) values (2009,12,200912);
Insert into OKRES_SYM (rok,mc,rok_mc) values (2010,1,201001);
Insert into OKRES_SYM (rok,mc,rok_mc) values (2010,2,201002);
Insert into OKRES_SYM (rok,mc,rok_mc) values (2010,3,201003);
Insert into OKRES_SYM (rok,mc,rok_mc) values (2010,4,201004);
Insert into OKRES_SYM (rok,mc,rok_mc) values (2010,5,201005);
Insert into OKRES_SYM (rok,mc,rok_mc) values (2010,6,201006);
Insert into OKRES_SYM (rok,mc,rok_mc) values (2010,7,201007);
Insert into OKRES_SYM (rok,mc,rok_mc) values (2010,8,201008);
Insert into OKRES_SYM (rok,mc,rok_mc) values (2010,9,201009);
Insert into OKRES_SYM (rok,mc,rok_mc) values (2010,10,201010);
Insert into OKRES_SYM (rok,mc,rok_mc) values (2010,11,201011);
Insert into OKRES_SYM (rok,mc,rok_mc) values (2010,12,201012);
Insert into OKRES_SYM (rok,mc,rok_mc) values (2011,1,201101);
Insert into OKRES_SYM (rok,mc,rok_mc) values (2011,2,201102);
Insert into OKRES_SYM (rok,mc,rok_mc) values (2011,3,201103);
Insert into OKRES_SYM (rok,mc,rok_mc) values (2011,4,201104);
Insert into OKRES_SYM (rok,mc,rok_mc) values (2011,5,201105);
Insert into OKRES_SYM (rok,mc,rok_mc) values (2011,6,201106);
Insert into OKRES_SYM (rok,mc,rok_mc) values (2011,7,201107);
Insert into OKRES_SYM (rok,mc,rok_mc) values (2011,8,201108);
Insert into OKRES_SYM (rok,mc,rok_mc) values (2011,9,201109);
Insert into OKRES_SYM (rok,mc,rok_mc) values (2011,10,201110);
Insert into OKRES_SYM (rok,mc,rok_mc) values (2011,11,201111);
Insert into OKRES_SYM (rok,mc,rok_mc) values (2011,12,201112);
Insert into OKRES_SYM (rok,mc,rok_mc) values (2012,1,201201);
Insert into OKRES_SYM (rok,mc,rok_mc) values (2012,2,201202);
Insert into OKRES_SYM (rok,mc,rok_mc) values (2012,3,201203);
Insert into OKRES_SYM (rok,mc,rok_mc) values (2012,4,201204);
Insert into OKRES_SYM (rok,mc,rok_mc) values (2012,5,201205);
Insert into OKRES_SYM (rok,mc,rok_mc) values (2012,6,201206);
Insert into OKRES_SYM (rok,mc,rok_mc) values (2012,7,201207);
Insert into OKRES_SYM (rok,mc,rok_mc) values (2012,8,201208);
Insert into OKRES_SYM (rok,mc,rok_mc) values (2012,9,201209);
Insert into OKRES_SYM (rok,mc,rok_mc) values (2012,10,201210);
Insert into OKRES_SYM (rok,mc,rok_mc) values (2012,11,201211);
Insert into OKRES_SYM (rok,mc,rok_mc) values (2012,12,201212);
Insert into OKRES_SYM (rok,mc,rok_mc) values (2013,1,201301);
Insert into OKRES_SYM (rok,mc,rok_mc) values (2013,2,201302);
Insert into OKRES_SYM (rok,mc,rok_mc) values (2013,3,201303);
Insert into OKRES_SYM (rok,mc,rok_mc) values (2013,4,201304);
Insert into OKRES_SYM (rok,mc,rok_mc) values (2013,5,201305);
Insert into OKRES_SYM (rok,mc,rok_mc) values (2013,6,201306);
Insert into OKRES_SYM (rok,mc,rok_mc) values (2013,7,201307);
Insert into OKRES_SYM (rok,mc,rok_mc) values (2013,8,201308);
Insert into OKRES_SYM (rok,mc,rok_mc) values (2013,9,201309);
Insert into OKRES_SYM (rok,mc,rok_mc) values (2013,10,201310);
Insert into OKRES_SYM (rok,mc,rok_mc) values (2013,11,201311);
Insert into OKRES_SYM (rok,mc,rok_mc) values (2013,12,201312);
Insert into OKRES_SYM (rok,mc,rok_mc) values (2014,1,201401);
Insert into OKRES_SYM (rok,mc,rok_mc) values (2014,2,201402);
Insert into OKRES_SYM (rok,mc,rok_mc) values (2014,3,201403);
Insert into OKRES_SYM (rok,mc,rok_mc) values (2014,4,201404);
Insert into OKRES_SYM (rok,mc,rok_mc) values (2014,5,201405);
Insert into OKRES_SYM (rok,mc,rok_mc) values (2014,6,201406);
Insert into OKRES_SYM (rok,mc,rok_mc) values (2014,7,201407);
Insert into OKRES_SYM (rok,mc,rok_mc) values (2014,8,201408);
Insert into OKRES_SYM (rok,mc,rok_mc) values (2014,9,201409);
Insert into OKRES_SYM (rok,mc,rok_mc) values (2014,10,201410);
Insert into OKRES_SYM (rok,mc,rok_mc) values (2014,11,201411);
Insert into OKRES_SYM (rok,mc,rok_mc) values (2014,12,201412);
Insert into OKRES_SYM (rok,mc,rok_mc) values (2015,1,201501);
Insert into OKRES_SYM (rok,mc,rok_mc) values (2015,2,201502);
Insert into OKRES_SYM (rok,mc,rok_mc) values (2015,3,201503);
Insert into OKRES_SYM (rok,mc,rok_mc) values (2015,4,201504);
Insert into OKRES_SYM (rok,mc,rok_mc) values (2015,5,201505);
Insert into OKRES_SYM (rok,mc,rok_mc) values (2015,6,201506);
Insert into OKRES_SYM (rok,mc,rok_mc) values (2015,7,201507);
Insert into OKRES_SYM (rok,mc,rok_mc) values (2015,8,201508);
Insert into OKRES_SYM (rok,mc,rok_mc) values (2015,9,201509);
Insert into OKRES_SYM (rok,mc,rok_mc) values (2015,10,201510);
Insert into OKRES_SYM (rok,mc,rok_mc) values (2015,11,201511);
Insert into OKRES_SYM (rok,mc,rok_mc) values (2015,12,201512);
Insert into OKRES_SYM (rok,mc,rok_mc) values (2016,1,201601);
Insert into OKRES_SYM (rok,mc,rok_mc) values (2016,2,201602);
Insert into OKRES_SYM (rok,mc,rok_mc) values (2016,3,201603);
Insert into OKRES_SYM (rok,mc,rok_mc) values (2016,4,201604);
Insert into OKRES_SYM (rok,mc,rok_mc) values (2016,5,201605);
Insert into OKRES_SYM (rok,mc,rok_mc) values (2016,6,201606);
Insert into OKRES_SYM (rok,mc,rok_mc) values (2016,7,201607);
Insert into OKRES_SYM (rok,mc,rok_mc) values (2016,8,201608);
Insert into OKRES_SYM (rok,mc,rok_mc) values (2016,9,201609);
Insert into OKRES_SYM (rok,mc,rok_mc) values (2016,10,201610);
Insert into OKRES_SYM (rok,mc,rok_mc) values (2016,11,201611);
Insert into OKRES_SYM (rok,mc,rok_mc) values (2016,12,201612);
Insert into OKRES_SYM (rok,mc,rok_mc) values (2017,1,201701);
Insert into OKRES_SYM (rok,mc,rok_mc) values (2017,2,201702);
Insert into OKRES_SYM (rok,mc,rok_mc) values (2017,3,201703);
Insert into OKRES_SYM (rok,mc,rok_mc) values (2017,4,201704);
Insert into OKRES_SYM (rok,mc,rok_mc) values (2017,5,201705);
Insert into OKRES_SYM (rok,mc,rok_mc) values (2017,6,201706);
Insert into OKRES_SYM (rok,mc,rok_mc) values (2017,7,201707);
Insert into OKRES_SYM (rok,mc,rok_mc) values (2017,8,201708);
Insert into OKRES_SYM (rok,mc,rok_mc) values (2017,9,201709);
Insert into OKRES_SYM (rok,mc,rok_mc) values (2017,10,201710);
Insert into OKRES_SYM (rok,mc,rok_mc) values (2017,11,201711);
Insert into OKRES_SYM (rok,mc,rok_mc) values (2017,12,201712);
Insert into OKRES_SYM (rok,mc,rok_mc) values (2018,1,201801);
Insert into OKRES_SYM (rok,mc,rok_mc) values (2018,2,201802);
Insert into OKRES_SYM (rok,mc,rok_mc) values (2018,3,201803);
Insert into OKRES_SYM (rok,mc,rok_mc) values (2018,4,201804);
Insert into OKRES_SYM (rok,mc,rok_mc) values (2018,5,201805);
Insert into OKRES_SYM (rok,mc,rok_mc) values (2018,6,201806);
Insert into OKRES_SYM (rok,mc,rok_mc) values (2018,7,201807);
Insert into OKRES_SYM (rok,mc,rok_mc) values (2018,8,201808);
Insert into OKRES_SYM (rok,mc,rok_mc) values (2018,9,201809);
Insert into OKRES_SYM (rok,mc,rok_mc) values (2018,10,201810);
Insert into OKRES_SYM (rok,mc,rok_mc) values (2018,11,201811);
Insert into OKRES_SYM (rok,mc,rok_mc) values (2018,12,201812);
Insert into OKRES_SYM (rok,mc,rok_mc) values (2019,1,201901);
Insert into OKRES_SYM (rok,mc,rok_mc) values (2019,2,201902);
Insert into OKRES_SYM (rok,mc,rok_mc) values (2019,3,201903);
Insert into OKRES_SYM (rok,mc,rok_mc) values (2019,4,201904);
Insert into OKRES_SYM (rok,mc,rok_mc) values (2019,5,201905);
Insert into OKRES_SYM (rok,mc,rok_mc) values (2019,6,201906);
Insert into OKRES_SYM (rok,mc,rok_mc) values (2019,7,201907);
Insert into OKRES_SYM (rok,mc,rok_mc) values (2019,8,201908);
Insert into OKRES_SYM (rok,mc,rok_mc) values (2019,9,201909);
Insert into OKRES_SYM (rok,mc,rok_mc) values (2019,10,201910);
Insert into OKRES_SYM (rok,mc,rok_mc) values (2019,11,201911);
Insert into OKRES_SYM (rok,mc,rok_mc) values (2019,12,201912);
Insert into OKRES_SYM (rok,mc,rok_mc) values (2020,1,202001);
Insert into OKRES_SYM (rok,mc,rok_mc) values (2020,2,202002);
Insert into OKRES_SYM (rok,mc,rok_mc) values (2020,3,202003);
Insert into OKRES_SYM (rok,mc,rok_mc) values (2020,4,202004);
Insert into OKRES_SYM (rok,mc,rok_mc) values (2020,5,202005);
Insert into OKRES_SYM (rok,mc,rok_mc) values (2020,6,202006);
Insert into OKRES_SYM (rok,mc,rok_mc) values (2020,7,202007);
Insert into OKRES_SYM (rok,mc,rok_mc) values (2020,8,202008);
Insert into OKRES_SYM (rok,mc,rok_mc) values (2020,9,202009);
Insert into OKRES_SYM (rok,mc,rok_mc) values (2020,10,202010);
Insert into OKRES_SYM (rok,mc,rok_mc) values (2020,11,202011);
Insert into OKRES_SYM (rok,mc,rok_mc) values (2020,12,202012);
Insert into OKRES_SYM (rok,mc,rok_mc) values (2021,1,202101);
Insert into OKRES_SYM (rok,mc,rok_mc) values (2021,2,202102);
Insert into OKRES_SYM (rok,mc,rok_mc) values (2021,3,202103);
Insert into OKRES_SYM (rok,mc,rok_mc) values (2021,4,202104);
Insert into OKRES_SYM (rok,mc,rok_mc) values (2021,5,202105);
Insert into OKRES_SYM (rok,mc,rok_mc) values (2021,6,202106);
Insert into OKRES_SYM (rok,mc,rok_mc) values (2021,7,202107);
Insert into OKRES_SYM (rok,mc,rok_mc) values (2021,8,202108);
Insert into OKRES_SYM (rok,mc,rok_mc) values (2021,9,202109);
Insert into OKRES_SYM (rok,mc,rok_mc) values (2021,10,202110);
Insert into OKRES_SYM (rok,mc,rok_mc) values (2021,11,202111);
Insert into OKRES_SYM (rok,mc,rok_mc) values (2021,12,202112);
Insert into OKRES_SYM (rok,mc,rok_mc) values (2022,1,202201);
Insert into OKRES_SYM (rok,mc,rok_mc) values (2022,2,202202);
Insert into OKRES_SYM (rok,mc,rok_mc) values (2022,3,202203);
Insert into OKRES_SYM (rok,mc,rok_mc) values (2022,4,202204);
Insert into OKRES_SYM (rok,mc,rok_mc) values (2022,5,202205);
Insert into OKRES_SYM (rok,mc,rok_mc) values (2022,6,202206);
Insert into OKRES_SYM (rok,mc,rok_mc) values (2022,7,202207);
Insert into OKRES_SYM (rok,mc,rok_mc) values (2022,8,202208);
Insert into OKRES_SYM (rok,mc,rok_mc) values (2022,9,202209);
Insert into OKRES_SYM (rok,mc,rok_mc) values (2022,10,202210);
Insert into OKRES_SYM (rok,mc,rok_mc) values (2022,11,202211);
Insert into OKRES_SYM (rok,mc,rok_mc) values (2022,12,202212);
Insert into OKRES_SYM (rok,mc,rok_mc) values (2023,1,202301);
Insert into OKRES_SYM (rok,mc,rok_mc) values (2023,2,202302);
Insert into OKRES_SYM (rok,mc,rok_mc) values (2023,3,202303);
Insert into OKRES_SYM (rok,mc,rok_mc) values (2023,4,202304);
Insert into OKRES_SYM (rok,mc,rok_mc) values (2023,5,202305);
Insert into OKRES_SYM (rok,mc,rok_mc) values (2023,6,202306);
Insert into OKRES_SYM (rok,mc,rok_mc) values (2023,7,202307);
Insert into OKRES_SYM (rok,mc,rok_mc) values (2023,8,202308);
Insert into OKRES_SYM (rok,mc,rok_mc) values (2023,9,202309);
Insert into OKRES_SYM (rok,mc,rok_mc) values (2023,10,202310);
Insert into OKRES_SYM (rok,mc,rok_mc) values (2023,11,202311);
Insert into OKRES_SYM (rok,mc,rok_mc) values (2023,12,202312);
Insert into OKRES_SYM (rok,mc,rok_mc) values (2024,1,202401);
Insert into OKRES_SYM (rok,mc,rok_mc) values (2024,2,202402);
Insert into OKRES_SYM (rok,mc,rok_mc) values (2024,3,202403);
Insert into OKRES_SYM (rok,mc,rok_mc) values (2024,4,202404);
Insert into OKRES_SYM (rok,mc,rok_mc) values (2024,5,202405);
Insert into OKRES_SYM (rok,mc,rok_mc) values (2024,6,202406);
Insert into OKRES_SYM (rok,mc,rok_mc) values (2024,7,202407);
Insert into OKRES_SYM (rok,mc,rok_mc) values (2024,8,202408);
Insert into OKRES_SYM (rok,mc,rok_mc) values (2024,9,202409);
Insert into OKRES_SYM (rok,mc,rok_mc) values (2024,10,202410);
Insert into OKRES_SYM (rok,mc,rok_mc) values (2024,11,202411);
Insert into OKRES_SYM (rok,mc,rok_mc) values (2024,12,202412);
Insert into OKRES_SYM (rok,mc,rok_mc) values (2025,1,202501);
Insert into OKRES_SYM (rok,mc,rok_mc) values (2025,2,202502);
Insert into OKRES_SYM (rok,mc,rok_mc) values (2025,3,202503);
Insert into OKRES_SYM (rok,mc,rok_mc) values (2025,4,202504);
Insert into OKRES_SYM (rok,mc,rok_mc) values (2025,5,202505);
Insert into OKRES_SYM (rok,mc,rok_mc) values (2025,6,202506);
Insert into OKRES_SYM (rok,mc,rok_mc) values (2025,7,202507);
Insert into OKRES_SYM (rok,mc,rok_mc) values (2025,8,202508);
Insert into OKRES_SYM (rok,mc,rok_mc) values (2025,9,202509);
Insert into OKRES_SYM (rok,mc,rok_mc) values (2025,10,202510);
Insert into OKRES_SYM (rok,mc,rok_mc) values (2025,11,202511);
Insert into OKRES_SYM (rok,mc,rok_mc) values (2025,12,202512);
Insert into OKRES_SYM (rok,mc,rok_mc) values (2026,1,202601);
Insert into OKRES_SYM (rok,mc,rok_mc) values (2026,2,202602);
Insert into OKRES_SYM (rok,mc,rok_mc) values (2026,3,202603);
Insert into OKRES_SYM (rok,mc,rok_mc) values (2026,4,202604);
Insert into OKRES_SYM (rok,mc,rok_mc) values (2026,5,202605);
Insert into OKRES_SYM (rok,mc,rok_mc) values (2026,6,202606);
Insert into OKRES_SYM (rok,mc,rok_mc) values (2026,7,202607);
Insert into OKRES_SYM (rok,mc,rok_mc) values (2026,8,202608);
Insert into OKRES_SYM (rok,mc,rok_mc) values (2026,9,202609);
Insert into OKRES_SYM (rok,mc,rok_mc) values (2026,10,202610);
Insert into OKRES_SYM (rok,mc,rok_mc) values (2026,11,202611);
Insert into OKRES_SYM (rok,mc,rok_mc) values (2026,12,202612);
Insert into OKRES_SYM (rok,mc,rok_mc) values (2027,1,202701);
Insert into OKRES_SYM (rok,mc,rok_mc) values (2027,2,202702);
Insert into OKRES_SYM (rok,mc,rok_mc) values (2027,3,202703);
Insert into OKRES_SYM (rok,mc,rok_mc) values (2027,4,202704);
Insert into OKRES_SYM (rok,mc,rok_mc) values (2027,5,202705);
Insert into OKRES_SYM (rok,mc,rok_mc) values (2027,6,202706);
Insert into OKRES_SYM (rok,mc,rok_mc) values (2027,7,202707);
Insert into OKRES_SYM (rok,mc,rok_mc) values (2027,8,202708);
Insert into OKRES_SYM (rok,mc,rok_mc) values (2027,9,202709);
Insert into OKRES_SYM (rok,mc,rok_mc) values (2027,10,202710);
Insert into OKRES_SYM (rok,mc,rok_mc) values (2027,11,202711);
Insert into OKRES_SYM (rok,mc,rok_mc) values (2027,12,202712);
Insert into OKRES_SYM (rok,mc,rok_mc) values (2028,1,202801);
Insert into OKRES_SYM (rok,mc,rok_mc) values (2028,2,202802);
Insert into OKRES_SYM (rok,mc,rok_mc) values (2028,3,202803);
Insert into OKRES_SYM (rok,mc,rok_mc) values (2028,4,202804);
Insert into OKRES_SYM (rok,mc,rok_mc) values (2028,5,202805);
Insert into OKRES_SYM (rok,mc,rok_mc) values (2028,6,202806);
Insert into OKRES_SYM (rok,mc,rok_mc) values (2028,7,202807);
Insert into OKRES_SYM (rok,mc,rok_mc) values (2028,8,202808);
Insert into OKRES_SYM (rok,mc,rok_mc) values (2028,9,202809);
Insert into OKRES_SYM (rok,mc,rok_mc) values (2028,10,202810);
Insert into OKRES_SYM (rok,mc,rok_mc) values (2028,11,202811);
Insert into OKRES_SYM (rok,mc,rok_mc) values (2028,12,202812);
Insert into OKRES_SYM (rok,mc,rok_mc) values (2029,1,202901);
Insert into OKRES_SYM (rok,mc,rok_mc) values (2029,2,202902);
Insert into OKRES_SYM (rok,mc,rok_mc) values (2029,3,202903);
Insert into OKRES_SYM (rok,mc,rok_mc) values (2029,4,202904);
Insert into OKRES_SYM (rok,mc,rok_mc) values (2029,5,202905);
Insert into OKRES_SYM (rok,mc,rok_mc) values (2029,6,202906);
Insert into OKRES_SYM (rok,mc,rok_mc) values (2029,7,202907);
Insert into OKRES_SYM (rok,mc,rok_mc) values (2029,8,202908);
Insert into OKRES_SYM (rok,mc,rok_mc) values (2029,9,202909);
Insert into OKRES_SYM (rok,mc,rok_mc) values (2029,10,202910);
Insert into OKRES_SYM (rok,mc,rok_mc) values (2029,11,202911);
Insert into OKRES_SYM (rok,mc,rok_mc) values (2029,12,202912);
Insert into OKRES_SYM (rok,mc,rok_mc) values (2030,1,203001);
Insert into OKRES_SYM (rok,mc,rok_mc) values (2030,2,203002);
Insert into OKRES_SYM (rok,mc,rok_mc) values (2030,3,203003);
Insert into OKRES_SYM (rok,mc,rok_mc) values (2030,4,203004);
Insert into OKRES_SYM (rok,mc,rok_mc) values (2030,5,203005);
Insert into OKRES_SYM (rok,mc,rok_mc) values (2030,6,203006);
Insert into OKRES_SYM (rok,mc,rok_mc) values (2030,7,203007);
Insert into OKRES_SYM (rok,mc,rok_mc) values (2030,8,203008);
Insert into OKRES_SYM (rok,mc,rok_mc) values (2030,9,203009);
Insert into OKRES_SYM (rok,mc,rok_mc) values (2030,10,203010);
Insert into OKRES_SYM (rok,mc,rok_mc) values (2030,11,203011);
Insert into OKRES_SYM (rok,mc,rok_mc) values (2030,12,203012);
Insert into OKRES_SYM (rok,mc,rok_mc) values (2031,1,203101);
Insert into OKRES_SYM (rok,mc,rok_mc) values (2031,2,203102);
Insert into OKRES_SYM (rok,mc,rok_mc) values (2031,3,203103);
Insert into OKRES_SYM (rok,mc,rok_mc) values (2031,4,203104);
Insert into OKRES_SYM (rok,mc,rok_mc) values (2031,5,203105);
Insert into OKRES_SYM (rok,mc,rok_mc) values (2031,6,203106);
Insert into OKRES_SYM (rok,mc,rok_mc) values (2031,7,203107);
Insert into OKRES_SYM (rok,mc,rok_mc) values (2031,8,203108);
Insert into OKRES_SYM (rok,mc,rok_mc) values (2031,9,203109);
Insert into OKRES_SYM (rok,mc,rok_mc) values (2031,10,203110);
Insert into OKRES_SYM (rok,mc,rok_mc) values (2031,11,203111);
Insert into OKRES_SYM (rok,mc,rok_mc) values (2031,12,203112);
Insert into OKRES_SYM (rok,mc,rok_mc) values (2032,1,203201);
Insert into OKRES_SYM (rok,mc,rok_mc) values (2032,2,203202);
Insert into OKRES_SYM (rok,mc,rok_mc) values (2032,3,203203);
Insert into OKRES_SYM (rok,mc,rok_mc) values (2032,4,203204);
Insert into OKRES_SYM (rok,mc,rok_mc) values (2032,5,203205);
Insert into OKRES_SYM (rok,mc,rok_mc) values (2032,6,203206);
Insert into OKRES_SYM (rok,mc,rok_mc) values (2032,7,203207);
Insert into OKRES_SYM (rok,mc,rok_mc) values (2032,8,203208);
Insert into OKRES_SYM (rok,mc,rok_mc) values (2032,9,203209);
Insert into OKRES_SYM (rok,mc,rok_mc) values (2032,10,203210);
Insert into OKRES_SYM (rok,mc,rok_mc) values (2032,11,203211);
Insert into OKRES_SYM (rok,mc,rok_mc) values (2032,12,203212);
Insert into OKRES_SYM (rok,mc,rok_mc) values (2033,1,203301);
Insert into OKRES_SYM (rok,mc,rok_mc) values (2033,2,203302);
Insert into OKRES_SYM (rok,mc,rok_mc) values (2033,3,203303);
Insert into OKRES_SYM (rok,mc,rok_mc) values (2033,4,203304);
Insert into OKRES_SYM (rok,mc,rok_mc) values (2033,5,203305);
Insert into OKRES_SYM (rok,mc,rok_mc) values (2033,6,203306);
Insert into OKRES_SYM (rok,mc,rok_mc) values (2033,7,203307);
Insert into OKRES_SYM (rok,mc,rok_mc) values (2033,8,203308);
Insert into OKRES_SYM (rok,mc,rok_mc) values (2033,9,203309);
Insert into OKRES_SYM (rok,mc,rok_mc) values (2033,10,203310);
Insert into OKRES_SYM (rok,mc,rok_mc) values (2033,11,203311);
Insert into OKRES_SYM (rok,mc,rok_mc) values (2033,12,203312);
Insert into OKRES_SYM (rok,mc,rok_mc) values (2034,1,203401);
Insert into OKRES_SYM (rok,mc,rok_mc) values (2034,2,203402);
Insert into OKRES_SYM (rok,mc,rok_mc) values (2034,3,203403);
Insert into OKRES_SYM (rok,mc,rok_mc) values (2034,4,203404);
Insert into OKRES_SYM (rok,mc,rok_mc) values (2034,5,203405);
Insert into OKRES_SYM (rok,mc,rok_mc) values (2034,6,203406);
Insert into OKRES_SYM (rok,mc,rok_mc) values (2034,7,203407);
Insert into OKRES_SYM (rok,mc,rok_mc) values (2034,8,203408);
Insert into OKRES_SYM (rok,mc,rok_mc) values (2034,9,203409);
Insert into OKRES_SYM (rok,mc,rok_mc) values (2034,10,203410);
Insert into OKRES_SYM (rok,mc,rok_mc) values (2034,11,203411);
Insert into OKRES_SYM (rok,mc,rok_mc) values (2034,12,203412);
Insert into OKRES_SYM (rok,mc,rok_mc) values (2035,1,203501);
Insert into OKRES_SYM (rok,mc,rok_mc) values (2035,2,203502);
Insert into OKRES_SYM (rok,mc,rok_mc) values (2035,3,203503);
Insert into OKRES_SYM (rok,mc,rok_mc) values (2035,4,203504);
Insert into OKRES_SYM (rok,mc,rok_mc) values (2035,5,203505);
Insert into OKRES_SYM (rok,mc,rok_mc) values (2035,6,203506);
Insert into OKRES_SYM (rok,mc,rok_mc) values (2035,7,203507);
Insert into OKRES_SYM (rok,mc,rok_mc) values (2035,8,203508);
Insert into OKRES_SYM (rok,mc,rok_mc) values (2035,9,203509);
Insert into OKRES_SYM (rok,mc,rok_mc) values (2035,10,203510);
Insert into OKRES_SYM (rok,mc,rok_mc) values (2035,11,203511);
Insert into OKRES_SYM (rok,mc,rok_mc) values (2035,12,203512);
Insert into OKRES_SYM (rok,mc,rok_mc) values (2036,1,203601);
Insert into OKRES_SYM (rok,mc,rok_mc) values (2036,2,203602);
Insert into OKRES_SYM (rok,mc,rok_mc) values (2036,3,203603);
Insert into OKRES_SYM (rok,mc,rok_mc) values (2036,4,203604);
Insert into OKRES_SYM (rok,mc,rok_mc) values (2036,5,203605);
Insert into OKRES_SYM (rok,mc,rok_mc) values (2036,6,203606);
Insert into OKRES_SYM (rok,mc,rok_mc) values (2036,7,203607);
Insert into OKRES_SYM (rok,mc,rok_mc) values (2036,8,203608);
Insert into OKRES_SYM (rok,mc,rok_mc) values (2036,9,203609);
Insert into OKRES_SYM (rok,mc,rok_mc) values (2036,10,203610);
Insert into OKRES_SYM (rok,mc,rok_mc) values (2036,11,203611);
Insert into OKRES_SYM (rok,mc,rok_mc) values (2036,12,203612);
Insert into OKRES_SYM (rok,mc,rok_mc) values (2037,1,203701);
Insert into OKRES_SYM (rok,mc,rok_mc) values (2037,2,203702);
Insert into OKRES_SYM (rok,mc,rok_mc) values (2037,3,203703);
Insert into OKRES_SYM (rok,mc,rok_mc) values (2037,4,203704);
Insert into OKRES_SYM (rok,mc,rok_mc) values (2037,5,203705);
Insert into OKRES_SYM (rok,mc,rok_mc) values (2037,6,203706);
Insert into OKRES_SYM (rok,mc,rok_mc) values (2037,7,203707);
Insert into OKRES_SYM (rok,mc,rok_mc) values (2037,8,203708);
Insert into OKRES_SYM (rok,mc,rok_mc) values (2037,9,203709);
Insert into OKRES_SYM (rok,mc,rok_mc) values (2037,10,203710);
Insert into OKRES_SYM (rok,mc,rok_mc) values (2037,11,203711);
Insert into OKRES_SYM (rok,mc,rok_mc) values (2037,12,203712);
Insert into OKRES_SYM (rok,mc,rok_mc) values (2038,1,203801);
Insert into OKRES_SYM (rok,mc,rok_mc) values (2038,2,203802);
Insert into OKRES_SYM (rok,mc,rok_mc) values (2038,3,203803);
Insert into OKRES_SYM (rok,mc,rok_mc) values (2038,4,203804);
Insert into OKRES_SYM (rok,mc,rok_mc) values (2038,5,203805);
Insert into OKRES_SYM (rok,mc,rok_mc) values (2038,6,203806);
Insert into OKRES_SYM (rok,mc,rok_mc) values (2038,7,203807);
Insert into OKRES_SYM (rok,mc,rok_mc) values (2038,8,203808);
Insert into OKRES_SYM (rok,mc,rok_mc) values (2038,9,203809);
Insert into OKRES_SYM (rok,mc,rok_mc) values (2038,10,203810);
Insert into OKRES_SYM (rok,mc,rok_mc) values (2038,11,203811);
Insert into OKRES_SYM (rok,mc,rok_mc) values (2038,12,203812);
Insert into OKRES_SYM (rok,mc,rok_mc) values (2039,1,203901);
Insert into OKRES_SYM (rok,mc,rok_mc) values (2039,2,203902);
Insert into OKRES_SYM (rok,mc,rok_mc) values (2039,3,203903);
Insert into OKRES_SYM (rok,mc,rok_mc) values (2039,4,203904);
Insert into OKRES_SYM (rok,mc,rok_mc) values (2039,5,203905);
Insert into OKRES_SYM (rok,mc,rok_mc) values (2039,6,203906);
Insert into OKRES_SYM (rok,mc,rok_mc) values (2039,7,203907);
Insert into OKRES_SYM (rok,mc,rok_mc) values (2039,8,203908);
Insert into OKRES_SYM (rok,mc,rok_mc) values (2039,9,203909);
Insert into OKRES_SYM (rok,mc,rok_mc) values (2039,10,203910);
Insert into OKRES_SYM (rok,mc,rok_mc) values (2039,11,203911);
Insert into OKRES_SYM (rok,mc,rok_mc) values (2039,12,203912);
Insert into OKRES_SYM (rok,mc,rok_mc) values (2040,1,204001);
Insert into OKRES_SYM (rok,mc,rok_mc) values (2040,2,204002);
Insert into OKRES_SYM (rok,mc,rok_mc) values (2040,3,204003);
Insert into OKRES_SYM (rok,mc,rok_mc) values (2040,4,204004);
Insert into OKRES_SYM (rok,mc,rok_mc) values (2040,5,204005);
Insert into OKRES_SYM (rok,mc,rok_mc) values (2040,6,204006);
Insert into OKRES_SYM (rok,mc,rok_mc) values (2040,7,204007);
Insert into OKRES_SYM (rok,mc,rok_mc) values (2040,8,204008);
Insert into OKRES_SYM (rok,mc,rok_mc) values (2040,9,204009);
Insert into OKRES_SYM (rok,mc,rok_mc) values (2040,10,204010);
Insert into OKRES_SYM (rok,mc,rok_mc) values (2040,11,204011);
Insert into OKRES_SYM (rok,mc,rok_mc) values (2040,12,204012);
Insert into OKRES_SYM (rok,mc,rok_mc) values (2041,1,204101);
Insert into OKRES_SYM (rok,mc,rok_mc) values (2041,2,204102);
Insert into OKRES_SYM (rok,mc,rok_mc) values (2041,3,204103);
Insert into OKRES_SYM (rok,mc,rok_mc) values (2041,4,204104);
Insert into OKRES_SYM (rok,mc,rok_mc) values (2041,5,204105);
Insert into OKRES_SYM (rok,mc,rok_mc) values (2041,6,204106);
Insert into OKRES_SYM (rok,mc,rok_mc) values (2041,7,204107);
Insert into OKRES_SYM (rok,mc,rok_mc) values (2041,8,204108);
Insert into OKRES_SYM (rok,mc,rok_mc) values (2041,9,204109);
Insert into OKRES_SYM (rok,mc,rok_mc) values (2041,10,204110);
Insert into OKRES_SYM (rok,mc,rok_mc) values (2041,11,204111);
Insert into OKRES_SYM (rok,mc,rok_mc) values (2041,12,204112);
Insert into OKRES_SYM (rok,mc,rok_mc) values (2042,1,204201);
Insert into OKRES_SYM (rok,mc,rok_mc) values (2042,2,204202);
Insert into OKRES_SYM (rok,mc,rok_mc) values (2042,3,204203);
Insert into OKRES_SYM (rok,mc,rok_mc) values (2042,4,204204);
Insert into OKRES_SYM (rok,mc,rok_mc) values (2042,5,204205);
Insert into OKRES_SYM (rok,mc,rok_mc) values (2042,6,204206);
Insert into OKRES_SYM (rok,mc,rok_mc) values (2042,7,204207);
Insert into OKRES_SYM (rok,mc,rok_mc) values (2042,8,204208);
Insert into OKRES_SYM (rok,mc,rok_mc) values (2042,9,204209);
Insert into OKRES_SYM (rok,mc,rok_mc) values (2042,10,204210);
Insert into OKRES_SYM (rok,mc,rok_mc) values (2042,11,204211);
Insert into OKRES_SYM (rok,mc,rok_mc) values (2042,12,204212);
Insert into OKRES_SYM (rok,mc,rok_mc) values (2043,1,204301);
Insert into OKRES_SYM (rok,mc,rok_mc) values (2043,2,204302);
Insert into OKRES_SYM (rok,mc,rok_mc) values (2043,3,204303);
Insert into OKRES_SYM (rok,mc,rok_mc) values (2043,4,204304);
Insert into OKRES_SYM (rok,mc,rok_mc) values (2043,5,204305);
Insert into OKRES_SYM (rok,mc,rok_mc) values (2043,6,204306);
Insert into OKRES_SYM (rok,mc,rok_mc) values (2043,7,204307);
Insert into OKRES_SYM (rok,mc,rok_mc) values (2043,8,204308);
Insert into OKRES_SYM (rok,mc,rok_mc) values (2043,9,204309);
Insert into OKRES_SYM (rok,mc,rok_mc) values (2043,10,204310);
Insert into OKRES_SYM (rok,mc,rok_mc) values (2043,11,204311);
Insert into OKRES_SYM (rok,mc,rok_mc) values (2043,12,204312);
Insert into OKRES_SYM (rok,mc,rok_mc) values (2044,1,204401);
Insert into OKRES_SYM (rok,mc,rok_mc) values (2044,2,204402);
Insert into OKRES_SYM (rok,mc,rok_mc) values (2044,3,204403);
Insert into OKRES_SYM (rok,mc,rok_mc) values (2044,4,204404);
Insert into OKRES_SYM (rok,mc,rok_mc) values (2044,5,204405);
Insert into OKRES_SYM (rok,mc,rok_mc) values (2044,6,204406);
Insert into OKRES_SYM (rok,mc,rok_mc) values (2044,7,204407);
Insert into OKRES_SYM (rok,mc,rok_mc) values (2044,8,204408);
Insert into OKRES_SYM (rok,mc,rok_mc) values (2044,9,204409);
Insert into OKRES_SYM (rok,mc,rok_mc) values (2044,10,204410);
Insert into OKRES_SYM (rok,mc,rok_mc) values (2044,11,204411);
Insert into OKRES_SYM (rok,mc,rok_mc) values (2044,12,204412);
Insert into OKRES_SYM (rok,mc,rok_mc) values (2045,1,204501);
Insert into OKRES_SYM (rok,mc,rok_mc) values (2045,2,204502);
Insert into OKRES_SYM (rok,mc,rok_mc) values (2045,3,204503);
Insert into OKRES_SYM (rok,mc,rok_mc) values (2045,4,204504);
Insert into OKRES_SYM (rok,mc,rok_mc) values (2045,5,204505);
Insert into OKRES_SYM (rok,mc,rok_mc) values (2045,6,204506);
Insert into OKRES_SYM (rok,mc,rok_mc) values (2045,7,204507);
Insert into OKRES_SYM (rok,mc,rok_mc) values (2045,8,204508);
Insert into OKRES_SYM (rok,mc,rok_mc) values (2045,9,204509);
Insert into OKRES_SYM (rok,mc,rok_mc) values (2045,10,204510);
Insert into OKRES_SYM (rok,mc,rok_mc) values (2045,11,204511);
Insert into OKRES_SYM (rok,mc,rok_mc) values (2045,12,204512);
Insert into OKRES_SYM (rok,mc,rok_mc) values (2046,1,204601);
Insert into OKRES_SYM (rok,mc,rok_mc) values (2046,2,204602);
Insert into OKRES_SYM (rok,mc,rok_mc) values (2046,3,204603);
Insert into OKRES_SYM (rok,mc,rok_mc) values (2046,4,204604);
Insert into OKRES_SYM (rok,mc,rok_mc) values (2046,5,204605);
Insert into OKRES_SYM (rok,mc,rok_mc) values (2046,6,204606);
Insert into OKRES_SYM (rok,mc,rok_mc) values (2046,7,204607);
Insert into OKRES_SYM (rok,mc,rok_mc) values (2046,8,204608);
Insert into OKRES_SYM (rok,mc,rok_mc) values (2046,9,204609);
Insert into OKRES_SYM (rok,mc,rok_mc) values (2046,10,204610);
Insert into OKRES_SYM (rok,mc,rok_mc) values (2046,11,204611);
Insert into OKRES_SYM (rok,mc,rok_mc) values (2046,12,204612);
Insert into OKRES_SYM (rok,mc,rok_mc) values (2047,1,204701);
Insert into OKRES_SYM (rok,mc,rok_mc) values (2047,2,204702);
Insert into OKRES_SYM (rok,mc,rok_mc) values (2047,3,204703);
Insert into OKRES_SYM (rok,mc,rok_mc) values (2047,4,204704);
Insert into OKRES_SYM (rok,mc,rok_mc) values (2047,5,204705);
Insert into OKRES_SYM (rok,mc,rok_mc) values (2047,6,204706);
Insert into OKRES_SYM (rok,mc,rok_mc) values (2047,7,204707);
Insert into OKRES_SYM (rok,mc,rok_mc) values (2047,8,204708);
Insert into OKRES_SYM (rok,mc,rok_mc) values (2047,9,204709);
Insert into OKRES_SYM (rok,mc,rok_mc) values (2047,10,204710);
Insert into OKRES_SYM (rok,mc,rok_mc) values (2047,11,204711);
Insert into OKRES_SYM (rok,mc,rok_mc) values (2047,12,204712);
Insert into OKRES_SYM (rok,mc,rok_mc) values (2048,1,204801);
Insert into OKRES_SYM (rok,mc,rok_mc) values (2048,2,204802);
Insert into OKRES_SYM (rok,mc,rok_mc) values (2048,3,204803);
Insert into OKRES_SYM (rok,mc,rok_mc) values (2048,4,204804);
Insert into OKRES_SYM (rok,mc,rok_mc) values (2048,5,204805);
Insert into OKRES_SYM (rok,mc,rok_mc) values (2048,6,204806);
Insert into OKRES_SYM (rok,mc,rok_mc) values (2048,7,204807);
Insert into OKRES_SYM (rok,mc,rok_mc) values (2048,8,204808);
Insert into OKRES_SYM (rok,mc,rok_mc) values (2048,9,204809);
Insert into OKRES_SYM (rok,mc,rok_mc) values (2048,10,204810);
Insert into OKRES_SYM (rok,mc,rok_mc) values (2048,11,204811);
Insert into OKRES_SYM (rok,mc,rok_mc) values (2048,12,204812);
Insert into OKRES_SYM (rok,mc,rok_mc) values (2049,1,204901);
Insert into OKRES_SYM (rok,mc,rok_mc) values (2049,2,204902);
Insert into OKRES_SYM (rok,mc,rok_mc) values (2049,3,204903);
Insert into OKRES_SYM (rok,mc,rok_mc) values (2049,4,204904);
Insert into OKRES_SYM (rok,mc,rok_mc) values (2049,5,204905);
Insert into OKRES_SYM (rok,mc,rok_mc) values (2049,6,204906);
Insert into OKRES_SYM (rok,mc,rok_mc) values (2049,7,204907);
Insert into OKRES_SYM (rok,mc,rok_mc) values (2049,8,204908);
Insert into OKRES_SYM (rok,mc,rok_mc) values (2049,9,204909);
Insert into OKRES_SYM (rok,mc,rok_mc) values (2049,10,204910);
Insert into OKRES_SYM (rok,mc,rok_mc) values (2049,11,204911);
Insert into OKRES_SYM (rok,mc,rok_mc) values (2049,12,204912);
Insert into OKRES_SYM (rok,mc,rok_mc) values (2050,1,205001);
Insert into OKRES_SYM (rok,mc,rok_mc) values (2050,2,205002);
Insert into OKRES_SYM (rok,mc,rok_mc) values (2050,3,205003);
Insert into OKRES_SYM (rok,mc,rok_mc) values (2050,4,205004);
Insert into OKRES_SYM (rok,mc,rok_mc) values (2050,5,205005);
Insert into OKRES_SYM (rok,mc,rok_mc) values (2050,6,205006);
Insert into OKRES_SYM (rok,mc,rok_mc) values (2050,7,205007);
Insert into OKRES_SYM (rok,mc,rok_mc) values (2050,8,205008);
Insert into OKRES_SYM (rok,mc,rok_mc) values (2050,9,205009);
Insert into OKRES_SYM (rok,mc,rok_mc) values (2050,10,205010);
Insert into OKRES_SYM (rok,mc,rok_mc) values (2050,11,205011);
Insert into OKRES_SYM (rok,mc,rok_mc) values (2050,12,205012);
Insert into OKRES_SYM (rok,mc,rok_mc) values (2051,1,205101);
Insert into OKRES_SYM (rok,mc,rok_mc) values (2051,2,205102);
Insert into OKRES_SYM (rok,mc,rok_mc) values (2051,3,205103);
Insert into OKRES_SYM (rok,mc,rok_mc) values (2051,4,205104);
Insert into OKRES_SYM (rok,mc,rok_mc) values (2051,5,205105);
Insert into OKRES_SYM (rok,mc,rok_mc) values (2051,6,205106);
Insert into OKRES_SYM (rok,mc,rok_mc) values (2051,7,205107);
Insert into OKRES_SYM (rok,mc,rok_mc) values (2051,8,205108);
Insert into OKRES_SYM (rok,mc,rok_mc) values (2051,9,205109);
Insert into OKRES_SYM (rok,mc,rok_mc) values (2051,10,205110);
Insert into OKRES_SYM (rok,mc,rok_mc) values (2051,11,205111);
Insert into OKRES_SYM (rok,mc,rok_mc) values (2051,12,205112);
Insert into OKRES_SYM (rok,mc,rok_mc) values (2052,1,205201);
Insert into OKRES_SYM (rok,mc,rok_mc) values (2052,2,205202);
Insert into OKRES_SYM (rok,mc,rok_mc) values (2052,3,205203);
Insert into OKRES_SYM (rok,mc,rok_mc) values (2052,4,205204);
Insert into OKRES_SYM (rok,mc,rok_mc) values (2052,5,205205);
Insert into OKRES_SYM (rok,mc,rok_mc) values (2052,6,205206);
Insert into OKRES_SYM (rok,mc,rok_mc) values (2052,7,205207);
Insert into OKRES_SYM (rok,mc,rok_mc) values (2052,8,205208);
Insert into OKRES_SYM (rok,mc,rok_mc) values (2052,9,205209);
Insert into OKRES_SYM (rok,mc,rok_mc) values (2052,10,205210);
Insert into OKRES_SYM (rok,mc,rok_mc) values (2052,11,205211);
Insert into OKRES_SYM (rok,mc,rok_mc) values (2052,12,205212);
Insert into OKRES_SYM (rok,mc,rok_mc) values (2053,1,205301);
Insert into OKRES_SYM (rok,mc,rok_mc) values (2053,2,205302);
Insert into OKRES_SYM (rok,mc,rok_mc) values (2053,3,205303);
Insert into OKRES_SYM (rok,mc,rok_mc) values (2053,4,205304);
Insert into OKRES_SYM (rok,mc,rok_mc) values (2053,5,205305);
Insert into OKRES_SYM (rok,mc,rok_mc) values (2053,6,205306);
Insert into OKRES_SYM (rok,mc,rok_mc) values (2053,7,205307);
Insert into OKRES_SYM (rok,mc,rok_mc) values (2053,8,205308);
Insert into OKRES_SYM (rok,mc,rok_mc) values (2053,9,205309);
Insert into OKRES_SYM (rok,mc,rok_mc) values (2053,10,205310);
Insert into OKRES_SYM (rok,mc,rok_mc) values (2053,11,205311);
Insert into OKRES_SYM (rok,mc,rok_mc) values (2053,12,205312);
Insert into OKRES_SYM (rok,mc,rok_mc) values (2054,1,205401);
Insert into OKRES_SYM (rok,mc,rok_mc) values (2054,2,205402);
Insert into OKRES_SYM (rok,mc,rok_mc) values (2054,3,205403);
Insert into OKRES_SYM (rok,mc,rok_mc) values (2054,4,205404);
Insert into OKRES_SYM (rok,mc,rok_mc) values (2054,5,205405);
Insert into OKRES_SYM (rok,mc,rok_mc) values (2054,6,205406);
Insert into OKRES_SYM (rok,mc,rok_mc) values (2054,7,205407);
Insert into OKRES_SYM (rok,mc,rok_mc) values (2054,8,205408);
Insert into OKRES_SYM (rok,mc,rok_mc) values (2054,9,205409);
Insert into OKRES_SYM (rok,mc,rok_mc) values (2054,10,205410);
Insert into OKRES_SYM (rok,mc,rok_mc) values (2054,11,205411);
Insert into OKRES_SYM (rok,mc,rok_mc) values (2054,12,205412);
Insert into OKRES_SYM (rok,mc,rok_mc) values (2055,1,205501);
Insert into OKRES_SYM (rok,mc,rok_mc) values (2055,2,205502);
Insert into OKRES_SYM (rok,mc,rok_mc) values (2055,3,205503);
Insert into OKRES_SYM (rok,mc,rok_mc) values (2055,4,205504);
Insert into OKRES_SYM (rok,mc,rok_mc) values (2055,5,205505);
Insert into OKRES_SYM (rok,mc,rok_mc) values (2055,6,205506);
Insert into OKRES_SYM (rok,mc,rok_mc) values (2055,7,205507);
Insert into OKRES_SYM (rok,mc,rok_mc) values (2055,8,205508);
Insert into OKRES_SYM (rok,mc,rok_mc) values (2055,9,205509);
Insert into OKRES_SYM (rok,mc,rok_mc) values (2055,10,205510);
Insert into OKRES_SYM (rok,mc,rok_mc) values (2055,11,205511);
Insert into OKRES_SYM (rok,mc,rok_mc) values (2055,12,205512);
Insert into OKRES_SYM (rok,mc,rok_mc) values (2056,1,205601);
Insert into OKRES_SYM (rok,mc,rok_mc) values (2056,2,205602);
Insert into OKRES_SYM (rok,mc,rok_mc) values (2056,3,205603);
Insert into OKRES_SYM (rok,mc,rok_mc) values (2056,4,205604);
Insert into OKRES_SYM (rok,mc,rok_mc) values (2056,5,205605);
Insert into OKRES_SYM (rok,mc,rok_mc) values (2056,6,205606);
Insert into OKRES_SYM (rok,mc,rok_mc) values (2056,7,205607);
Insert into OKRES_SYM (rok,mc,rok_mc) values (2056,8,205608);
Insert into OKRES_SYM (rok,mc,rok_mc) values (2056,9,205609);
Insert into OKRES_SYM (rok,mc,rok_mc) values (2056,10,205610);
Insert into OKRES_SYM (rok,mc,rok_mc) values (2056,11,205611);
Insert into OKRES_SYM (rok,mc,rok_mc) values (2056,12,205612);
Insert into OKRES_SYM (rok,mc,rok_mc) values (2057,1,205701);
Insert into OKRES_SYM (rok,mc,rok_mc) values (2057,2,205702);
Insert into OKRES_SYM (rok,mc,rok_mc) values (2057,3,205703);
Insert into OKRES_SYM (rok,mc,rok_mc) values (2057,4,205704);
Insert into OKRES_SYM (rok,mc,rok_mc) values (2057,5,205705);
Insert into OKRES_SYM (rok,mc,rok_mc) values (2057,6,205706);
Insert into OKRES_SYM (rok,mc,rok_mc) values (2057,7,205707);
Insert into OKRES_SYM (rok,mc,rok_mc) values (2057,8,205708);
Insert into OKRES_SYM (rok,mc,rok_mc) values (2057,9,205709);
Insert into OKRES_SYM (rok,mc,rok_mc) values (2057,10,205710);
Insert into OKRES_SYM (rok,mc,rok_mc) values (2057,11,205711);
Insert into OKRES_SYM (rok,mc,rok_mc) values (2057,12,205712);
Insert into OKRES_SYM (rok,mc,rok_mc) values (2058,1,205801);
Insert into OKRES_SYM (rok,mc,rok_mc) values (2058,2,205802);
Insert into OKRES_SYM (rok,mc,rok_mc) values (2058,3,205803);
Insert into OKRES_SYM (rok,mc,rok_mc) values (2058,4,205804);
Insert into OKRES_SYM (rok,mc,rok_mc) values (2058,5,205805);
Insert into OKRES_SYM (rok,mc,rok_mc) values (2058,6,205806);
Insert into OKRES_SYM (rok,mc,rok_mc) values (2058,7,205807);
Insert into OKRES_SYM (rok,mc,rok_mc) values (2058,8,205808);
Insert into OKRES_SYM (rok,mc,rok_mc) values (2058,9,205809);
Insert into OKRES_SYM (rok,mc,rok_mc) values (2058,10,205810);
Insert into OKRES_SYM (rok,mc,rok_mc) values (2058,11,205811);
Insert into OKRES_SYM (rok,mc,rok_mc) values (2058,12,205812);
Insert into OKRES_SYM (rok,mc,rok_mc) values (2059,1,205901);
Insert into OKRES_SYM (rok,mc,rok_mc) values (2059,2,205902);
Insert into OKRES_SYM (rok,mc,rok_mc) values (2059,3,205903);
Insert into OKRES_SYM (rok,mc,rok_mc) values (2059,4,205904);
Insert into OKRES_SYM (rok,mc,rok_mc) values (2059,5,205905);
Insert into OKRES_SYM (rok,mc,rok_mc) values (2059,6,205906);
Insert into OKRES_SYM (rok,mc,rok_mc) values (2059,7,205907);
Insert into OKRES_SYM (rok,mc,rok_mc) values (2059,8,205908);
Insert into OKRES_SYM (rok,mc,rok_mc) values (2059,9,205909);
Insert into OKRES_SYM (rok,mc,rok_mc) values (2059,10,205910);
Insert into OKRES_SYM (rok,mc,rok_mc) values (2059,11,205911);
Insert into OKRES_SYM (rok,mc,rok_mc) values (2059,12,205912);
Insert into OKRES_SYM (rok,mc,rok_mc) values (2060,1,206001);
Insert into OKRES_SYM (rok,mc,rok_mc) values (2060,2,206002);
Insert into OKRES_SYM (rok,mc,rok_mc) values (2060,3,206003);
Insert into OKRES_SYM (rok,mc,rok_mc) values (2060,4,206004);
Insert into OKRES_SYM (rok,mc,rok_mc) values (2060,5,206005);
Insert into OKRES_SYM (rok,mc,rok_mc) values (2060,6,206006);
Insert into OKRES_SYM (rok,mc,rok_mc) values (2060,7,206007);
Insert into OKRES_SYM (rok,mc,rok_mc) values (2060,8,206008);
Insert into OKRES_SYM (rok,mc,rok_mc) values (2060,9,206009);
Insert into OKRES_SYM (rok,mc,rok_mc) values (2060,10,206010);
Insert into OKRES_SYM (rok,mc,rok_mc) values (2060,11,206011);
Insert into OKRES_SYM (rok,mc,rok_mc) values (2060,12,206012);
Insert into OKRES_SYM (rok,mc,rok_mc) values (2061,1,206101);
Insert into OKRES_SYM (rok,mc,rok_mc) values (2061,2,206102);
Insert into OKRES_SYM (rok,mc,rok_mc) values (2061,3,206103);
Insert into OKRES_SYM (rok,mc,rok_mc) values (2061,4,206104);
Insert into OKRES_SYM (rok,mc,rok_mc) values (2061,5,206105);
Insert into OKRES_SYM (rok,mc,rok_mc) values (2061,6,206106);
Insert into OKRES_SYM (rok,mc,rok_mc) values (2061,7,206107);
Insert into OKRES_SYM (rok,mc,rok_mc) values (2061,8,206108);
Insert into OKRES_SYM (rok,mc,rok_mc) values (2061,9,206109);
Insert into OKRES_SYM (rok,mc,rok_mc) values (2061,10,206110);
Insert into OKRES_SYM (rok,mc,rok_mc) values (2061,11,206111);
Insert into OKRES_SYM (rok,mc,rok_mc) values (2061,12,206112);
Insert into OKRES_SYM (rok,mc,rok_mc) values (2062,1,206201);
Insert into OKRES_SYM (rok,mc,rok_mc) values (2062,2,206202);
Insert into OKRES_SYM (rok,mc,rok_mc) values (2062,3,206203);
Insert into OKRES_SYM (rok,mc,rok_mc) values (2062,4,206204);
Insert into OKRES_SYM (rok,mc,rok_mc) values (2062,5,206205);
Insert into OKRES_SYM (rok,mc,rok_mc) values (2062,6,206206);
Insert into OKRES_SYM (rok,mc,rok_mc) values (2062,7,206207);
Insert into OKRES_SYM (rok,mc,rok_mc) values (2062,8,206208);
Insert into OKRES_SYM (rok,mc,rok_mc) values (2062,9,206209);
Insert into OKRES_SYM (rok,mc,rok_mc) values (2062,10,206210);
Insert into OKRES_SYM (rok,mc,rok_mc) values (2062,11,206211);
Insert into OKRES_SYM (rok,mc,rok_mc) values (2062,12,206212);
Insert into OKRES_SYM (rok,mc,rok_mc) values (2063,1,206301);
Insert into OKRES_SYM (rok,mc,rok_mc) values (2063,2,206302);
Insert into OKRES_SYM (rok,mc,rok_mc) values (2063,3,206303);
Insert into OKRES_SYM (rok,mc,rok_mc) values (2063,4,206304);
Insert into OKRES_SYM (rok,mc,rok_mc) values (2063,5,206305);
Insert into OKRES_SYM (rok,mc,rok_mc) values (2063,6,206306);
Insert into OKRES_SYM (rok,mc,rok_mc) values (2063,7,206307);
Insert into OKRES_SYM (rok,mc,rok_mc) values (2063,8,206308);
Insert into OKRES_SYM (rok,mc,rok_mc) values (2063,9,206309);
Insert into OKRES_SYM (rok,mc,rok_mc) values (2063,10,206310);
Insert into OKRES_SYM (rok,mc,rok_mc) values (2063,11,206311);
Insert into OKRES_SYM (rok,mc,rok_mc) values (2063,12,206312);
Insert into OKRES_SYM (rok,mc,rok_mc) values (2064,1,206401);
Insert into OKRES_SYM (rok,mc,rok_mc) values (2064,2,206402);
Insert into OKRES_SYM (rok,mc,rok_mc) values (2064,3,206403);
Insert into OKRES_SYM (rok,mc,rok_mc) values (2064,4,206404);
Insert into OKRES_SYM (rok,mc,rok_mc) values (2064,5,206405);
Insert into OKRES_SYM (rok,mc,rok_mc) values (2064,6,206406);
Insert into OKRES_SYM (rok,mc,rok_mc) values (2064,7,206407);
Insert into OKRES_SYM (rok,mc,rok_mc) values (2064,8,206408);
Insert into OKRES_SYM (rok,mc,rok_mc) values (2064,9,206409);
Insert into OKRES_SYM (rok,mc,rok_mc) values (2064,10,206410);
Insert into OKRES_SYM (rok,mc,rok_mc) values (2064,11,206411);
Insert into OKRES_SYM (rok,mc,rok_mc) values (2064,12,206412);
Insert into OKRES_SYM (rok,mc,rok_mc) values (2065,1,206501);
Insert into OKRES_SYM (rok,mc,rok_mc) values (2065,2,206502);
Insert into OKRES_SYM (rok,mc,rok_mc) values (2065,3,206503);
Insert into OKRES_SYM (rok,mc,rok_mc) values (2065,4,206504);
Insert into OKRES_SYM (rok,mc,rok_mc) values (2065,5,206505);
Insert into OKRES_SYM (rok,mc,rok_mc) values (2065,6,206506);
Insert into OKRES_SYM (rok,mc,rok_mc) values (2065,7,206507);
Insert into OKRES_SYM (rok,mc,rok_mc) values (2065,8,206508);
Insert into OKRES_SYM (rok,mc,rok_mc) values (2065,9,206509);
Insert into OKRES_SYM (rok,mc,rok_mc) values (2065,10,206510);
Insert into OKRES_SYM (rok,mc,rok_mc) values (2065,11,206511);
Insert into OKRES_SYM (rok,mc,rok_mc) values (2065,12,206512);
Insert into OKRES_SYM (rok,mc,rok_mc) values (2066,1,206601);
Insert into OKRES_SYM (rok,mc,rok_mc) values (2066,2,206602);
Insert into OKRES_SYM (rok,mc,rok_mc) values (2066,3,206603);
Insert into OKRES_SYM (rok,mc,rok_mc) values (2066,4,206604);
Insert into OKRES_SYM (rok,mc,rok_mc) values (2066,5,206605);
Insert into OKRES_SYM (rok,mc,rok_mc) values (2066,6,206606);
Insert into OKRES_SYM (rok,mc,rok_mc) values (2066,7,206607);
Insert into OKRES_SYM (rok,mc,rok_mc) values (2066,8,206608);
Insert into OKRES_SYM (rok,mc,rok_mc) values (2066,9,206609);
Insert into OKRES_SYM (rok,mc,rok_mc) values (2066,10,206610);
Insert into OKRES_SYM (rok,mc,rok_mc) values (2066,11,206611);
Insert into OKRES_SYM (rok,mc,rok_mc) values (2066,12,206612);
Insert into OKRES_SYM (rok,mc,rok_mc) values (2067,1,206701);
Insert into OKRES_SYM (rok,mc,rok_mc) values (2067,2,206702);
Insert into OKRES_SYM (rok,mc,rok_mc) values (2067,3,206703);
Insert into OKRES_SYM (rok,mc,rok_mc) values (2067,4,206704);
Insert into OKRES_SYM (rok,mc,rok_mc) values (2067,5,206705);
Insert into OKRES_SYM (rok,mc,rok_mc) values (2067,6,206706);
Insert into OKRES_SYM (rok,mc,rok_mc) values (2067,7,206707);
Insert into OKRES_SYM (rok,mc,rok_mc) values (2067,8,206708);
Insert into OKRES_SYM (rok,mc,rok_mc) values (2067,9,206709);
Insert into OKRES_SYM (rok,mc,rok_mc) values (2067,10,206710);
Insert into OKRES_SYM (rok,mc,rok_mc) values (2067,11,206711);
Insert into OKRES_SYM (rok,mc,rok_mc) values (2067,12,206712);
Insert into OKRES_SYM (rok,mc,rok_mc) values (2068,1,206801);
Insert into OKRES_SYM (rok,mc,rok_mc) values (2068,2,206802);
Insert into OKRES_SYM (rok,mc,rok_mc) values (2068,3,206803);
Insert into OKRES_SYM (rok,mc,rok_mc) values (2068,4,206804);
Insert into OKRES_SYM (rok,mc,rok_mc) values (2068,5,206805);
Insert into OKRES_SYM (rok,mc,rok_mc) values (2068,6,206806);
Insert into OKRES_SYM (rok,mc,rok_mc) values (2068,7,206807);
Insert into OKRES_SYM (rok,mc,rok_mc) values (2068,8,206808);
Insert into OKRES_SYM (rok,mc,rok_mc) values (2068,9,206809);
Insert into OKRES_SYM (rok,mc,rok_mc) values (2068,10,206810);
Insert into OKRES_SYM (rok,mc,rok_mc) values (2068,11,206811);
Insert into OKRES_SYM (rok,mc,rok_mc) values (2068,12,206812);
Insert into OKRES_SYM (rok,mc,rok_mc) values (2069,1,206901);
Insert into OKRES_SYM (rok,mc,rok_mc) values (2069,2,206902);
Insert into OKRES_SYM (rok,mc,rok_mc) values (2069,3,206903);
Insert into OKRES_SYM (rok,mc,rok_mc) values (2069,4,206904);
Insert into OKRES_SYM (rok,mc,rok_mc) values (2069,5,206905);
Insert into OKRES_SYM (rok,mc,rok_mc) values (2069,6,206906);
Insert into OKRES_SYM (rok,mc,rok_mc) values (2069,7,206907);
Insert into OKRES_SYM (rok,mc,rok_mc) values (2069,8,206908);
Insert into OKRES_SYM (rok,mc,rok_mc) values (2069,9,206909);
Insert into OKRES_SYM (rok,mc,rok_mc) values (2069,10,206910);
Insert into OKRES_SYM (rok,mc,rok_mc) values (2069,11,206911);
Insert into OKRES_SYM (rok,mc,rok_mc) values (2069,12,206912);
Insert into OKRES_SYM (rok,mc,rok_mc) values (2070,1,207001);
Insert into OKRES_SYM (rok,mc,rok_mc) values (2070,2,207002);
Insert into OKRES_SYM (rok,mc,rok_mc) values (2070,3,207003);
Insert into OKRES_SYM (rok,mc,rok_mc) values (2070,4,207004);
Insert into OKRES_SYM (rok,mc,rok_mc) values (2070,5,207005);
Insert into OKRES_SYM (rok,mc,rok_mc) values (2070,6,207006);
Insert into OKRES_SYM (rok,mc,rok_mc) values (2070,7,207007);
Insert into OKRES_SYM (rok,mc,rok_mc) values (2070,8,207008);
Insert into OKRES_SYM (rok,mc,rok_mc) values (2070,9,207009);
Insert into OKRES_SYM (rok,mc,rok_mc) values (2070,10,207010);
Insert into OKRES_SYM (rok,mc,rok_mc) values (2070,11,207011);
Insert into OKRES_SYM (rok,mc,rok_mc) values (2070,12,207012);
Insert into OKRES_SYM (rok,mc,rok_mc) values (2071,1,207101);
Insert into OKRES_SYM (rok,mc,rok_mc) values (2071,2,207102);
Insert into OKRES_SYM (rok,mc,rok_mc) values (2071,3,207103);
Insert into OKRES_SYM (rok,mc,rok_mc) values (2071,4,207104);
Insert into OKRES_SYM (rok,mc,rok_mc) values (2071,5,207105);
Insert into OKRES_SYM (rok,mc,rok_mc) values (2071,6,207106);
Insert into OKRES_SYM (rok,mc,rok_mc) values (2071,7,207107);
Insert into OKRES_SYM (rok,mc,rok_mc) values (2071,8,207108);
Insert into OKRES_SYM (rok,mc,rok_mc) values (2071,9,207109);
Insert into OKRES_SYM (rok,mc,rok_mc) values (2071,10,207110);
Insert into OKRES_SYM (rok,mc,rok_mc) values (2071,11,207111);
Insert into OKRES_SYM (rok,mc,rok_mc) values (2071,12,207112);
Insert into OKRES_SYM (rok,mc,rok_mc) values (2072,1,207201);
Insert into OKRES_SYM (rok,mc,rok_mc) values (2072,2,207202);
Insert into OKRES_SYM (rok,mc,rok_mc) values (2072,3,207203);
Insert into OKRES_SYM (rok,mc,rok_mc) values (2072,4,207204);
Insert into OKRES_SYM (rok,mc,rok_mc) values (2072,5,207205);
Insert into OKRES_SYM (rok,mc,rok_mc) values (2072,6,207206);
Insert into OKRES_SYM (rok,mc,rok_mc) values (2072,7,207207);
Insert into OKRES_SYM (rok,mc,rok_mc) values (2072,8,207208);
Insert into OKRES_SYM (rok,mc,rok_mc) values (2072,9,207209);
Insert into OKRES_SYM (rok,mc,rok_mc) values (2072,10,207210);
Insert into OKRES_SYM (rok,mc,rok_mc) values (2072,11,207211);
Insert into OKRES_SYM (rok,mc,rok_mc) values (2072,12,207212);
Insert into OKRES_SYM (rok,mc,rok_mc) values (2073,1,207301);
Insert into OKRES_SYM (rok,mc,rok_mc) values (2073,2,207302);
Insert into OKRES_SYM (rok,mc,rok_mc) values (2073,3,207303);
Insert into OKRES_SYM (rok,mc,rok_mc) values (2073,4,207304);
Insert into OKRES_SYM (rok,mc,rok_mc) values (2073,5,207305);
Insert into OKRES_SYM (rok,mc,rok_mc) values (2073,6,207306);
Insert into OKRES_SYM (rok,mc,rok_mc) values (2073,7,207307);
Insert into OKRES_SYM (rok,mc,rok_mc) values (2073,8,207308);
Insert into OKRES_SYM (rok,mc,rok_mc) values (2073,9,207309);
Insert into OKRES_SYM (rok,mc,rok_mc) values (2073,10,207310);
Insert into OKRES_SYM (rok,mc,rok_mc) values (2073,11,207311);
Insert into OKRES_SYM (rok,mc,rok_mc) values (2073,12,207312);
Insert into OKRES_SYM (rok,mc,rok_mc) values (2074,1,207401);
Insert into OKRES_SYM (rok,mc,rok_mc) values (2074,2,207402);
Insert into OKRES_SYM (rok,mc,rok_mc) values (2074,3,207403);
Insert into OKRES_SYM (rok,mc,rok_mc) values (2074,4,207404);
Insert into OKRES_SYM (rok,mc,rok_mc) values (2074,5,207405);
Insert into OKRES_SYM (rok,mc,rok_mc) values (2074,6,207406);
Insert into OKRES_SYM (rok,mc,rok_mc) values (2074,7,207407);
Insert into OKRES_SYM (rok,mc,rok_mc) values (2074,8,207408);
Insert into OKRES_SYM (rok,mc,rok_mc) values (2074,9,207409);
Insert into OKRES_SYM (rok,mc,rok_mc) values (2074,10,207410);
Insert into OKRES_SYM (rok,mc,rok_mc) values (2074,11,207411);
Insert into OKRES_SYM (rok,mc,rok_mc) values (2074,12,207412);
Insert into OKRES_SYM (rok,mc,rok_mc) values (2075,1,207501);
Insert into OKRES_SYM (rok,mc,rok_mc) values (2075,2,207502);
Insert into OKRES_SYM (rok,mc,rok_mc) values (2075,3,207503);
Insert into OKRES_SYM (rok,mc,rok_mc) values (2075,4,207504);
Insert into OKRES_SYM (rok,mc,rok_mc) values (2075,5,207505);
Insert into OKRES_SYM (rok,mc,rok_mc) values (2075,6,207506);
Insert into OKRES_SYM (rok,mc,rok_mc) values (2075,7,207507);
Insert into OKRES_SYM (rok,mc,rok_mc) values (2075,8,207508);
Insert into OKRES_SYM (rok,mc,rok_mc) values (2075,9,207509);
Insert into OKRES_SYM (rok,mc,rok_mc) values (2075,10,207510);
Insert into OKRES_SYM (rok,mc,rok_mc) values (2075,11,207511);
Insert into OKRES_SYM (rok,mc,rok_mc) values (2075,12,207512);
Insert into OKRES_SYM (rok,mc,rok_mc) values (2076,1,207601);
Insert into OKRES_SYM (rok,mc,rok_mc) values (2076,2,207602);
Insert into OKRES_SYM (rok,mc,rok_mc) values (2076,3,207603);
Insert into OKRES_SYM (rok,mc,rok_mc) values (2076,4,207604);
Insert into OKRES_SYM (rok,mc,rok_mc) values (2076,5,207605);
Insert into OKRES_SYM (rok,mc,rok_mc) values (2076,6,207606);
Insert into OKRES_SYM (rok,mc,rok_mc) values (2076,7,207607);
Insert into OKRES_SYM (rok,mc,rok_mc) values (2076,8,207608);
Insert into OKRES_SYM (rok,mc,rok_mc) values (2076,9,207609);
Insert into OKRES_SYM (rok,mc,rok_mc) values (2076,10,207610);
Insert into OKRES_SYM (rok,mc,rok_mc) values (2076,11,207611);
Insert into OKRES_SYM (rok,mc,rok_mc) values (2076,12,207612);
Insert into OKRES_SYM (rok,mc,rok_mc) values (2077,1,207701);
Insert into OKRES_SYM (rok,mc,rok_mc) values (2077,2,207702);
Insert into OKRES_SYM (rok,mc,rok_mc) values (2077,3,207703);
Insert into OKRES_SYM (rok,mc,rok_mc) values (2077,4,207704);
Insert into OKRES_SYM (rok,mc,rok_mc) values (2077,5,207705);
Insert into OKRES_SYM (rok,mc,rok_mc) values (2077,6,207706);
Insert into OKRES_SYM (rok,mc,rok_mc) values (2077,7,207707);
Insert into OKRES_SYM (rok,mc,rok_mc) values (2077,8,207708);
Insert into OKRES_SYM (rok,mc,rok_mc) values (2077,9,207709);
Insert into OKRES_SYM (rok,mc,rok_mc) values (2077,10,207710);
Insert into OKRES_SYM (rok,mc,rok_mc) values (2077,11,207711);
Insert into OKRES_SYM (rok,mc,rok_mc) values (2077,12,207712);
Insert into OKRES_SYM (rok,mc,rok_mc) values (2078,1,207801);
Insert into OKRES_SYM (rok,mc,rok_mc) values (2078,2,207802);
Insert into OKRES_SYM (rok,mc,rok_mc) values (2078,3,207803);
Insert into OKRES_SYM (rok,mc,rok_mc) values (2078,4,207804);
Insert into OKRES_SYM (rok,mc,rok_mc) values (2078,5,207805);
Insert into OKRES_SYM (rok,mc,rok_mc) values (2078,6,207806);
Insert into OKRES_SYM (rok,mc,rok_mc) values (2078,7,207807);
Insert into OKRES_SYM (rok,mc,rok_mc) values (2078,8,207808);
Insert into OKRES_SYM (rok,mc,rok_mc) values (2078,9,207809);
Insert into OKRES_SYM (rok,mc,rok_mc) values (2078,10,207810);
Insert into OKRES_SYM (rok,mc,rok_mc) values (2078,11,207811);
Insert into OKRES_SYM (rok,mc,rok_mc) values (2078,12,207812);
Insert into OKRES_SYM (rok,mc,rok_mc) values (2079,1,207901);
Insert into OKRES_SYM (rok,mc,rok_mc) values (2079,2,207902);
Insert into OKRES_SYM (rok,mc,rok_mc) values (2079,3,207903);
Insert into OKRES_SYM (rok,mc,rok_mc) values (2079,4,207904);
Insert into OKRES_SYM (rok,mc,rok_mc) values (2079,5,207905);
Insert into OKRES_SYM (rok,mc,rok_mc) values (2079,6,207906);
Insert into OKRES_SYM (rok,mc,rok_mc) values (2079,7,207907);
Insert into OKRES_SYM (rok,mc,rok_mc) values (2079,8,207908);
Insert into OKRES_SYM (rok,mc,rok_mc) values (2079,9,207909);
Insert into OKRES_SYM (rok,mc,rok_mc) values (2079,10,207910);
Insert into OKRES_SYM (rok,mc,rok_mc) values (2079,11,207911);
Insert into OKRES_SYM (rok,mc,rok_mc) values (2079,12,207912);
Insert into OKRES_SYM (rok,mc,rok_mc) values (2080,1,208001);
Insert into OKRES_SYM (rok,mc,rok_mc) values (2080,2,208002);
Insert into OKRES_SYM (rok,mc,rok_mc) values (2080,3,208003);
Insert into OKRES_SYM (rok,mc,rok_mc) values (2080,4,208004);
Insert into OKRES_SYM (rok,mc,rok_mc) values (2080,5,208005);
Insert into OKRES_SYM (rok,mc,rok_mc) values (2080,6,208006);
Insert into OKRES_SYM (rok,mc,rok_mc) values (2080,7,208007);
Insert into OKRES_SYM (rok,mc,rok_mc) values (2080,8,208008);
Insert into OKRES_SYM (rok,mc,rok_mc) values (2080,9,208009);
Insert into OKRES_SYM (rok,mc,rok_mc) values (2080,10,208010);
Insert into OKRES_SYM (rok,mc,rok_mc) values (2080,11,208011);
Insert into OKRES_SYM (rok,mc,rok_mc) values (2080,12,208012);
Insert into OKRES_SYM (rok,mc,rok_mc) values (2081,1,208101);
Insert into OKRES_SYM (rok,mc,rok_mc) values (2081,2,208102);
Insert into OKRES_SYM (rok,mc,rok_mc) values (2081,3,208103);
Insert into OKRES_SYM (rok,mc,rok_mc) values (2081,4,208104);
Insert into OKRES_SYM (rok,mc,rok_mc) values (2081,5,208105);
Insert into OKRES_SYM (rok,mc,rok_mc) values (2081,6,208106);
Insert into OKRES_SYM (rok,mc,rok_mc) values (2081,7,208107);
Insert into OKRES_SYM (rok,mc,rok_mc) values (2081,8,208108);
Insert into OKRES_SYM (rok,mc,rok_mc) values (2081,9,208109);
Insert into OKRES_SYM (rok,mc,rok_mc) values (2081,10,208110);
Insert into OKRES_SYM (rok,mc,rok_mc) values (2081,11,208111);
Insert into OKRES_SYM (rok,mc,rok_mc) values (2081,12,208112);
Insert into OKRES_SYM (rok,mc,rok_mc) values (2082,1,208201);
Insert into OKRES_SYM (rok,mc,rok_mc) values (2082,2,208202);
Insert into OKRES_SYM (rok,mc,rok_mc) values (2082,3,208203);
Insert into OKRES_SYM (rok,mc,rok_mc) values (2082,4,208204);
Insert into OKRES_SYM (rok,mc,rok_mc) values (2082,5,208205);
Insert into OKRES_SYM (rok,mc,rok_mc) values (2082,6,208206);
Insert into OKRES_SYM (rok,mc,rok_mc) values (2082,7,208207);
Insert into OKRES_SYM (rok,mc,rok_mc) values (2082,8,208208);
Insert into OKRES_SYM (rok,mc,rok_mc) values (2082,9,208209);
Insert into OKRES_SYM (rok,mc,rok_mc) values (2082,10,208210);
Insert into OKRES_SYM (rok,mc,rok_mc) values (2082,11,208211);
Insert into OKRES_SYM (rok,mc,rok_mc) values (2082,12,208212);
Insert into OKRES_SYM (rok,mc,rok_mc) values (2083,1,208301);
Insert into OKRES_SYM (rok,mc,rok_mc) values (2083,2,208302);
Insert into OKRES_SYM (rok,mc,rok_mc) values (2083,3,208303);
Insert into OKRES_SYM (rok,mc,rok_mc) values (2083,4,208304);
Insert into OKRES_SYM (rok,mc,rok_mc) values (2083,5,208305);
Insert into OKRES_SYM (rok,mc,rok_mc) values (2083,6,208306);
Insert into OKRES_SYM (rok,mc,rok_mc) values (2083,7,208307);
Insert into OKRES_SYM (rok,mc,rok_mc) values (2083,8,208308);
Insert into OKRES_SYM (rok,mc,rok_mc) values (2083,9,208309);
Insert into OKRES_SYM (rok,mc,rok_mc) values (2083,10,208310);
Insert into OKRES_SYM (rok,mc,rok_mc) values (2083,11,208311);
Insert into OKRES_SYM (rok,mc,rok_mc) values (2083,12,208312);
Insert into OKRES_SYM (rok,mc,rok_mc) values (2084,1,208401);
Insert into OKRES_SYM (rok,mc,rok_mc) values (2084,2,208402);
Insert into OKRES_SYM (rok,mc,rok_mc) values (2084,3,208403);
Insert into OKRES_SYM (rok,mc,rok_mc) values (2084,4,208404);
Insert into OKRES_SYM (rok,mc,rok_mc) values (2084,5,208405);
Insert into OKRES_SYM (rok,mc,rok_mc) values (2084,6,208406);
Insert into OKRES_SYM (rok,mc,rok_mc) values (2084,7,208407);
Insert into OKRES_SYM (rok,mc,rok_mc) values (2084,8,208408);
Insert into OKRES_SYM (rok,mc,rok_mc) values (2084,9,208409);
Insert into OKRES_SYM (rok,mc,rok_mc) values (2084,10,208410);
Insert into OKRES_SYM (rok,mc,rok_mc) values (2084,11,208411);
Insert into OKRES_SYM (rok,mc,rok_mc) values (2084,12,208412);
Insert into OKRES_SYM (rok,mc,rok_mc) values (2085,1,208501);
Insert into OKRES_SYM (rok,mc,rok_mc) values (2085,2,208502);
Insert into OKRES_SYM (rok,mc,rok_mc) values (2085,3,208503);
Insert into OKRES_SYM (rok,mc,rok_mc) values (2085,4,208504);
Insert into OKRES_SYM (rok,mc,rok_mc) values (2085,5,208505);
Insert into OKRES_SYM (rok,mc,rok_mc) values (2085,6,208506);
Insert into OKRES_SYM (rok,mc,rok_mc) values (2085,7,208507);
Insert into OKRES_SYM (rok,mc,rok_mc) values (2085,8,208508);
Insert into OKRES_SYM (rok,mc,rok_mc) values (2085,9,208509);
Insert into OKRES_SYM (rok,mc,rok_mc) values (2085,10,208510);
Insert into OKRES_SYM (rok,mc,rok_mc) values (2085,11,208511);
Insert into OKRES_SYM (rok,mc,rok_mc) values (2085,12,208512);
Insert into OKRES_SYM (rok,mc,rok_mc) values (2086,1,208601);
Insert into OKRES_SYM (rok,mc,rok_mc) values (2086,2,208602);
Insert into OKRES_SYM (rok,mc,rok_mc) values (2086,3,208603);
Insert into OKRES_SYM (rok,mc,rok_mc) values (2086,4,208604);
Insert into OKRES_SYM (rok,mc,rok_mc) values (2086,5,208605);
Insert into OKRES_SYM (rok,mc,rok_mc) values (2086,6,208606);
Insert into OKRES_SYM (rok,mc,rok_mc) values (2086,7,208607);
Insert into OKRES_SYM (rok,mc,rok_mc) values (2086,8,208608);
Insert into OKRES_SYM (rok,mc,rok_mc) values (2086,9,208609);
Insert into OKRES_SYM (rok,mc,rok_mc) values (2086,10,208610);
Insert into OKRES_SYM (rok,mc,rok_mc) values (2086,11,208611);
Insert into OKRES_SYM (rok,mc,rok_mc) values (2086,12,208612);
Insert into OKRES_SYM (rok,mc,rok_mc) values (2087,1,208701);
Insert into OKRES_SYM (rok,mc,rok_mc) values (2087,2,208702);
Insert into OKRES_SYM (rok,mc,rok_mc) values (2087,3,208703);
Insert into OKRES_SYM (rok,mc,rok_mc) values (2087,4,208704);
Insert into OKRES_SYM (rok,mc,rok_mc) values (2087,5,208705);
Insert into OKRES_SYM (rok,mc,rok_mc) values (2087,6,208706);
Insert into OKRES_SYM (rok,mc,rok_mc) values (2087,7,208707);
Insert into OKRES_SYM (rok,mc,rok_mc) values (2087,8,208708);
Insert into OKRES_SYM (rok,mc,rok_mc) values (2087,9,208709);
Insert into OKRES_SYM (rok,mc,rok_mc) values (2087,10,208710);
Insert into OKRES_SYM (rok,mc,rok_mc) values (2087,11,208711);
Insert into OKRES_SYM (rok,mc,rok_mc) values (2087,12,208712);
Insert into OKRES_SYM (rok,mc,rok_mc) values (2088,1,208801);
Insert into OKRES_SYM (rok,mc,rok_mc) values (2088,2,208802);
Insert into OKRES_SYM (rok,mc,rok_mc) values (2088,3,208803);
Insert into OKRES_SYM (rok,mc,rok_mc) values (2088,4,208804);
Insert into OKRES_SYM (rok,mc,rok_mc) values (2088,5,208805);
Insert into OKRES_SYM (rok,mc,rok_mc) values (2088,6,208806);
Insert into OKRES_SYM (rok,mc,rok_mc) values (2088,7,208807);
Insert into OKRES_SYM (rok,mc,rok_mc) values (2088,8,208808);
Insert into OKRES_SYM (rok,mc,rok_mc) values (2088,9,208809);
Insert into OKRES_SYM (rok,mc,rok_mc) values (2088,10,208810);
Insert into OKRES_SYM (rok,mc,rok_mc) values (2088,11,208811);
Insert into OKRES_SYM (rok,mc,rok_mc) values (2088,12,208812);
Insert into OKRES_SYM (rok,mc,rok_mc) values (2089,1,208901);
Insert into OKRES_SYM (rok,mc,rok_mc) values (2089,2,208902);
Insert into OKRES_SYM (rok,mc,rok_mc) values (2089,3,208903);
Insert into OKRES_SYM (rok,mc,rok_mc) values (2089,4,208904);
Insert into OKRES_SYM (rok,mc,rok_mc) values (2089,5,208905);
Insert into OKRES_SYM (rok,mc,rok_mc) values (2089,6,208906);
Insert into OKRES_SYM (rok,mc,rok_mc) values (2089,7,208907);
Insert into OKRES_SYM (rok,mc,rok_mc) values (2089,8,208908);
Insert into OKRES_SYM (rok,mc,rok_mc) values (2089,9,208909);
Insert into OKRES_SYM (rok,mc,rok_mc) values (2089,10,208910);
Insert into OKRES_SYM (rok,mc,rok_mc) values (2089,11,208911);
Insert into OKRES_SYM (rok,mc,rok_mc) values (2089,12,208912);
Insert into OKRES_SYM (rok,mc,rok_mc) values (2090,1,209001);
Insert into OKRES_SYM (rok,mc,rok_mc) values (2090,2,209002);
Insert into OKRES_SYM (rok,mc,rok_mc) values (2090,3,209003);
Insert into OKRES_SYM (rok,mc,rok_mc) values (2090,4,209004);
Insert into OKRES_SYM (rok,mc,rok_mc) values (2090,5,209005);
Insert into OKRES_SYM (rok,mc,rok_mc) values (2090,6,209006);
Insert into OKRES_SYM (rok,mc,rok_mc) values (2090,7,209007);
Insert into OKRES_SYM (rok,mc,rok_mc) values (2090,8,209008);
Insert into OKRES_SYM (rok,mc,rok_mc) values (2090,9,209009);
Insert into OKRES_SYM (rok,mc,rok_mc) values (2090,10,209010);
Insert into OKRES_SYM (rok,mc,rok_mc) values (2090,11,209011);
Insert into OKRES_SYM (rok,mc,rok_mc) values (2090,12,209012);
Insert into OKRES_SYM (rok,mc,rok_mc) values (2091,1,209101);
Insert into OKRES_SYM (rok,mc,rok_mc) values (2091,2,209102);
Insert into OKRES_SYM (rok,mc,rok_mc) values (2091,3,209103);
Insert into OKRES_SYM (rok,mc,rok_mc) values (2091,4,209104);
Insert into OKRES_SYM (rok,mc,rok_mc) values (2091,5,209105);
Insert into OKRES_SYM (rok,mc,rok_mc) values (2091,6,209106);
Insert into OKRES_SYM (rok,mc,rok_mc) values (2091,7,209107);
Insert into OKRES_SYM (rok,mc,rok_mc) values (2091,8,209108);
Insert into OKRES_SYM (rok,mc,rok_mc) values (2091,9,209109);
Insert into OKRES_SYM (rok,mc,rok_mc) values (2091,10,209110);
Insert into OKRES_SYM (rok,mc,rok_mc) values (2091,11,209111);
Insert into OKRES_SYM (rok,mc,rok_mc) values (2091,12,209112);
Insert into OKRES_SYM (rok,mc,rok_mc) values (2092,1,209201);
Insert into OKRES_SYM (rok,mc,rok_mc) values (2092,2,209202);
Insert into OKRES_SYM (rok,mc,rok_mc) values (2092,3,209203);
Insert into OKRES_SYM (rok,mc,rok_mc) values (2092,4,209204);
Insert into OKRES_SYM (rok,mc,rok_mc) values (2092,5,209205);
Insert into OKRES_SYM (rok,mc,rok_mc) values (2092,6,209206);
Insert into OKRES_SYM (rok,mc,rok_mc) values (2092,7,209207);
Insert into OKRES_SYM (rok,mc,rok_mc) values (2092,8,209208);
Insert into OKRES_SYM (rok,mc,rok_mc) values (2092,9,209209);
Insert into OKRES_SYM (rok,mc,rok_mc) values (2092,10,209210);
Insert into OKRES_SYM (rok,mc,rok_mc) values (2092,11,209211);
Insert into OKRES_SYM (rok,mc,rok_mc) values (2092,12,209212);
Insert into OKRES_SYM (rok,mc,rok_mc) values (2093,1,209301);
Insert into OKRES_SYM (rok,mc,rok_mc) values (2093,2,209302);
Insert into OKRES_SYM (rok,mc,rok_mc) values (2093,3,209303);
Insert into OKRES_SYM (rok,mc,rok_mc) values (2093,4,209304);
Insert into OKRES_SYM (rok,mc,rok_mc) values (2093,5,209305);
Insert into OKRES_SYM (rok,mc,rok_mc) values (2093,6,209306);
Insert into OKRES_SYM (rok,mc,rok_mc) values (2093,7,209307);
Insert into OKRES_SYM (rok,mc,rok_mc) values (2093,8,209308);
Insert into OKRES_SYM (rok,mc,rok_mc) values (2093,9,209309);
Insert into OKRES_SYM (rok,mc,rok_mc) values (2093,10,209310);
Insert into OKRES_SYM (rok,mc,rok_mc) values (2093,11,209311);
Insert into OKRES_SYM (rok,mc,rok_mc) values (2093,12,209312);
Insert into OKRES_SYM (rok,mc,rok_mc) values (2094,1,209401);
Insert into OKRES_SYM (rok,mc,rok_mc) values (2094,2,209402);
Insert into OKRES_SYM (rok,mc,rok_mc) values (2094,3,209403);
Insert into OKRES_SYM (rok,mc,rok_mc) values (2094,4,209404);
Insert into OKRES_SYM (rok,mc,rok_mc) values (2094,5,209405);
Insert into OKRES_SYM (rok,mc,rok_mc) values (2094,6,209406);
Insert into OKRES_SYM (rok,mc,rok_mc) values (2094,7,209407);
Insert into OKRES_SYM (rok,mc,rok_mc) values (2094,8,209408);
Insert into OKRES_SYM (rok,mc,rok_mc) values (2094,9,209409);
Insert into OKRES_SYM (rok,mc,rok_mc) values (2094,10,209410);
Insert into OKRES_SYM (rok,mc,rok_mc) values (2094,11,209411);
Insert into OKRES_SYM (rok,mc,rok_mc) values (2094,12,209412);
Insert into OKRES_SYM (rok,mc,rok_mc) values (2095,1,209501);
Insert into OKRES_SYM (rok,mc,rok_mc) values (2095,2,209502);
Insert into OKRES_SYM (rok,mc,rok_mc) values (2095,3,209503);
Insert into OKRES_SYM (rok,mc,rok_mc) values (2095,4,209504);
Insert into OKRES_SYM (rok,mc,rok_mc) values (2095,5,209505);
Insert into OKRES_SYM (rok,mc,rok_mc) values (2095,6,209506);
Insert into OKRES_SYM (rok,mc,rok_mc) values (2095,7,209507);
Insert into OKRES_SYM (rok,mc,rok_mc) values (2095,8,209508);
Insert into OKRES_SYM (rok,mc,rok_mc) values (2095,9,209509);
Insert into OKRES_SYM (rok,mc,rok_mc) values (2095,10,209510);
Insert into OKRES_SYM (rok,mc,rok_mc) values (2095,11,209511);
Insert into OKRES_SYM (rok,mc,rok_mc) values (2095,12,209512);
Insert into OKRES_SYM (rok,mc,rok_mc) values (2096,1,209601);
Insert into OKRES_SYM (rok,mc,rok_mc) values (2096,2,209602);
Insert into OKRES_SYM (rok,mc,rok_mc) values (2096,3,209603);
Insert into OKRES_SYM (rok,mc,rok_mc) values (2096,4,209604);
Insert into OKRES_SYM (rok,mc,rok_mc) values (2096,5,209605);
Insert into OKRES_SYM (rok,mc,rok_mc) values (2096,6,209606);
Insert into OKRES_SYM (rok,mc,rok_mc) values (2096,7,209607);
Insert into OKRES_SYM (rok,mc,rok_mc) values (2096,8,209608);
Insert into OKRES_SYM (rok,mc,rok_mc) values (2096,9,209609);
Insert into OKRES_SYM (rok,mc,rok_mc) values (2096,10,209610);
Insert into OKRES_SYM (rok,mc,rok_mc) values (2096,11,209611);
Insert into OKRES_SYM (rok,mc,rok_mc) values (2096,12,209612);
Insert into OKRES_SYM (rok,mc,rok_mc) values (2097,1,209701);
Insert into OKRES_SYM (rok,mc,rok_mc) values (2097,2,209702);
Insert into OKRES_SYM (rok,mc,rok_mc) values (2097,3,209703);
Insert into OKRES_SYM (rok,mc,rok_mc) values (2097,4,209704);
Insert into OKRES_SYM (rok,mc,rok_mc) values (2097,5,209705);
Insert into OKRES_SYM (rok,mc,rok_mc) values (2097,6,209706);
Insert into OKRES_SYM (rok,mc,rok_mc) values (2097,7,209707);
Insert into OKRES_SYM (rok,mc,rok_mc) values (2097,8,209708);
Insert into OKRES_SYM (rok,mc,rok_mc) values (2097,9,209709);
Insert into OKRES_SYM (rok,mc,rok_mc) values (2097,10,209710);
Insert into OKRES_SYM (rok,mc,rok_mc) values (2097,11,209711);
Insert into OKRES_SYM (rok,mc,rok_mc) values (2097,12,209712);
Insert into OKRES_SYM (rok,mc,rok_mc) values (2098,1,209801);
Insert into OKRES_SYM (rok,mc,rok_mc) values (2098,2,209802);
Insert into OKRES_SYM (rok,mc,rok_mc) values (2098,3,209803);
Insert into OKRES_SYM (rok,mc,rok_mc) values (2098,4,209804);
Insert into OKRES_SYM (rok,mc,rok_mc) values (2098,5,209805);
Insert into OKRES_SYM (rok,mc,rok_mc) values (2098,6,209806);
Insert into OKRES_SYM (rok,mc,rok_mc) values (2098,7,209807);
Insert into OKRES_SYM (rok,mc,rok_mc) values (2098,8,209808);
Insert into OKRES_SYM (rok,mc,rok_mc) values (2098,9,209809);
Insert into OKRES_SYM (rok,mc,rok_mc) values (2098,10,209810);
Insert into OKRES_SYM (rok,mc,rok_mc) values (2098,11,209811);
Insert into OKRES_SYM (rok,mc,rok_mc) values (2098,12,209812);
Insert into OKRES_SYM (rok,mc,rok_mc) values (2099,1,209901);
Insert into OKRES_SYM (rok,mc,rok_mc) values (2099,2,209902);
Insert into OKRES_SYM (rok,mc,rok_mc) values (2099,3,209903);
Insert into OKRES_SYM (rok,mc,rok_mc) values (2099,4,209904);
Insert into OKRES_SYM (rok,mc,rok_mc) values (2099,5,209905);
Insert into OKRES_SYM (rok,mc,rok_mc) values (2099,6,209906);
Insert into OKRES_SYM (rok,mc,rok_mc) values (2099,7,209907);
Insert into OKRES_SYM (rok,mc,rok_mc) values (2099,8,209908);
Insert into OKRES_SYM (rok,mc,rok_mc) values (2099,9,209909);
Insert into OKRES_SYM (rok,mc,rok_mc) values (2099,10,209910);
Insert into OKRES_SYM (rok,mc,rok_mc) values (2099,11,209911);
Insert into OKRES_SYM (rok,mc,rok_mc) values (2099,12,209912);
Insert into OKRES_SYM (rok,mc,rok_mc) values (2100,1,210001);
Insert into OKRES_SYM (rok,mc,rok_mc) values (2100,2,210002);
Insert into OKRES_SYM (rok,mc,rok_mc) values (2100,3,210003);
Insert into OKRES_SYM (rok,mc,rok_mc) values (2100,4,210004);
Insert into OKRES_SYM (rok,mc,rok_mc) values (2100,5,210005);
Insert into OKRES_SYM (rok,mc,rok_mc) values (2100,6,210006);
Insert into OKRES_SYM (rok,mc,rok_mc) values (2100,7,210007);
Insert into OKRES_SYM (rok,mc,rok_mc) values (2100,8,210008);
Insert into OKRES_SYM (rok,mc,rok_mc) values (2100,9,210009);
Insert into OKRES_SYM (rok,mc,rok_mc) values (2100,10,210010);
Insert into OKRES_SYM (rok,mc,rok_mc) values (2100,11,210011);
Insert into OKRES_SYM (rok,mc,rok_mc) values (2100,12,210012);
Insert into OKRES_SYM (rok,mc,rok_mc) values (2101,1,210101);
Insert into OKRES_SYM (rok,mc,rok_mc) values (2101,2,210102);
Insert into OKRES_SYM (rok,mc,rok_mc) values (2101,3,210103);
Insert into OKRES_SYM (rok,mc,rok_mc) values (2101,4,210104);
Insert into OKRES_SYM (rok,mc,rok_mc) values (2101,5,210105);
Insert into OKRES_SYM (rok,mc,rok_mc) values (2101,6,210106);
Insert into OKRES_SYM (rok,mc,rok_mc) values (2101,7,210107);
Insert into OKRES_SYM (rok,mc,rok_mc) values (2101,8,210108);
Insert into OKRES_SYM (rok,mc,rok_mc) values (2101,9,210109);
Insert into OKRES_SYM (rok,mc,rok_mc) values (2101,10,210110);
Insert into OKRES_SYM (rok,mc,rok_mc) values (2101,11,210111);
Insert into OKRES_SYM (rok,mc,rok_mc) values (2101,12,210112);
Insert into OKRES_SYM (rok,mc,rok_mc) values (2102,1,210201);
Insert into OKRES_SYM (rok,mc,rok_mc) values (2102,2,210202);
Insert into OKRES_SYM (rok,mc,rok_mc) values (2102,3,210203);
Insert into OKRES_SYM (rok,mc,rok_mc) values (2102,4,210204);
Insert into OKRES_SYM (rok,mc,rok_mc) values (2102,5,210205);
Insert into OKRES_SYM (rok,mc,rok_mc) values (2102,6,210206);
Insert into OKRES_SYM (rok,mc,rok_mc) values (2102,7,210207);
Insert into OKRES_SYM (rok,mc,rok_mc) values (2102,8,210208);
Insert into OKRES_SYM (rok,mc,rok_mc) values (2102,9,210209);
Insert into OKRES_SYM (rok,mc,rok_mc) values (2102,10,210210);
Insert into OKRES_SYM (rok,mc,rok_mc) values (2102,11,210211);
Insert into OKRES_SYM (rok,mc,rok_mc) values (2102,12,210212);
Insert into OKRES_SYM (rok,mc,rok_mc) values (2103,1,210301);
Insert into OKRES_SYM (rok,mc,rok_mc) values (2103,2,210302);
Insert into OKRES_SYM (rok,mc,rok_mc) values (2103,3,210303);
Insert into OKRES_SYM (rok,mc,rok_mc) values (2103,4,210304);
Insert into OKRES_SYM (rok,mc,rok_mc) values (2103,5,210305);
Insert into OKRES_SYM (rok,mc,rok_mc) values (2103,6,210306);
Insert into OKRES_SYM (rok,mc,rok_mc) values (2103,7,210307);
Insert into OKRES_SYM (rok,mc,rok_mc) values (2103,8,210308);
Insert into OKRES_SYM (rok,mc,rok_mc) values (2103,9,210309);
Insert into OKRES_SYM (rok,mc,rok_mc) values (2103,10,210310);
Insert into OKRES_SYM (rok,mc,rok_mc) values (2103,11,210311);
Insert into OKRES_SYM (rok,mc,rok_mc) values (2103,12,210312);
Insert into OKRES_SYM (rok,mc,rok_mc) values (2104,1,210401);
Insert into OKRES_SYM (rok,mc,rok_mc) values (2104,2,210402);
Insert into OKRES_SYM (rok,mc,rok_mc) values (2104,3,210403);
Insert into OKRES_SYM (rok,mc,rok_mc) values (2104,4,210404);
Insert into OKRES_SYM (rok,mc,rok_mc) values (2104,5,210405);
Insert into OKRES_SYM (rok,mc,rok_mc) values (2104,6,210406);
Insert into OKRES_SYM (rok,mc,rok_mc) values (2104,7,210407);
Insert into OKRES_SYM (rok,mc,rok_mc) values (2104,8,210408);
Insert into OKRES_SYM (rok,mc,rok_mc) values (2104,9,210409);
Insert into OKRES_SYM (rok,mc,rok_mc) values (2104,10,210410);
Insert into OKRES_SYM (rok,mc,rok_mc) values (2104,11,210411);
Insert into OKRES_SYM (rok,mc,rok_mc) values (2104,12,210412);
Insert into OKRES_SYM (rok,mc,rok_mc) values (2105,1,210501);
Insert into OKRES_SYM (rok,mc,rok_mc) values (2105,2,210502);
Insert into OKRES_SYM (rok,mc,rok_mc) values (2105,3,210503);
Insert into OKRES_SYM (rok,mc,rok_mc) values (2105,4,210504);
Insert into OKRES_SYM (rok,mc,rok_mc) values (2105,5,210505);
Insert into OKRES_SYM (rok,mc,rok_mc) values (2105,6,210506);
Insert into OKRES_SYM (rok,mc,rok_mc) values (2105,7,210507);
Insert into OKRES_SYM (rok,mc,rok_mc) values (2105,8,210508);
Insert into OKRES_SYM (rok,mc,rok_mc) values (2105,9,210509);
Insert into OKRES_SYM (rok,mc,rok_mc) values (2105,10,210510);
Insert into OKRES_SYM (rok,mc,rok_mc) values (2105,11,210511);
Insert into OKRES_SYM (rok,mc,rok_mc) values (2105,12,210512);
Insert into OKRES_SYM (rok,mc,rok_mc) values (2106,1,210601);
Insert into OKRES_SYM (rok,mc,rok_mc) values (2106,2,210602);
Insert into OKRES_SYM (rok,mc,rok_mc) values (2106,3,210603);
Insert into OKRES_SYM (rok,mc,rok_mc) values (2106,4,210604);
Insert into OKRES_SYM (rok,mc,rok_mc) values (2106,5,210605);
Insert into OKRES_SYM (rok,mc,rok_mc) values (2106,6,210606);
Insert into OKRES_SYM (rok,mc,rok_mc) values (2106,7,210607);
Insert into OKRES_SYM (rok,mc,rok_mc) values (2106,8,210608);
Insert into OKRES_SYM (rok,mc,rok_mc) values (2106,9,210609);
Insert into OKRES_SYM (rok,mc,rok_mc) values (2106,10,210610);
Insert into OKRES_SYM (rok,mc,rok_mc) values (2106,11,210611);
Insert into OKRES_SYM (rok,mc,rok_mc) values (2106,12,210612);
Insert into OKRES_SYM (rok,mc,rok_mc) values (2107,1,210701);
Insert into OKRES_SYM (rok,mc,rok_mc) values (2107,2,210702);
Insert into OKRES_SYM (rok,mc,rok_mc) values (2107,3,210703);
Insert into OKRES_SYM (rok,mc,rok_mc) values (2107,4,210704);
Insert into OKRES_SYM (rok,mc,rok_mc) values (2107,5,210705);
Insert into OKRES_SYM (rok,mc,rok_mc) values (2107,6,210706);
Insert into OKRES_SYM (rok,mc,rok_mc) values (2107,7,210707);
Insert into OKRES_SYM (rok,mc,rok_mc) values (2107,8,210708);
Insert into OKRES_SYM (rok,mc,rok_mc) values (2107,9,210709);
Insert into OKRES_SYM (rok,mc,rok_mc) values (2107,10,210710);
Insert into OKRES_SYM (rok,mc,rok_mc) values (2107,11,210711);
Insert into OKRES_SYM (rok,mc,rok_mc) values (2107,12,210712);
Insert into OKRES_SYM (rok,mc,rok_mc) values (2108,1,210801);
Insert into OKRES_SYM (rok,mc,rok_mc) values (2108,2,210802);
Insert into OKRES_SYM (rok,mc,rok_mc) values (2108,3,210803);
Insert into OKRES_SYM (rok,mc,rok_mc) values (2108,4,210804);
Insert into OKRES_SYM (rok,mc,rok_mc) values (2108,5,210805);
Insert into OKRES_SYM (rok,mc,rok_mc) values (2108,6,210806);
Insert into OKRES_SYM (rok,mc,rok_mc) values (2108,7,210807);
Insert into OKRES_SYM (rok,mc,rok_mc) values (2108,8,210808);
Insert into OKRES_SYM (rok,mc,rok_mc) values (2108,9,210809);
Insert into OKRES_SYM (rok,mc,rok_mc) values (2108,10,210810);
Insert into OKRES_SYM (rok,mc,rok_mc) values (2108,11,210811);
Insert into OKRES_SYM (rok,mc,rok_mc) values (2108,12,210812);
Insert into OKRES_SYM (rok,mc,rok_mc) values (2109,1,210901);
Insert into OKRES_SYM (rok,mc,rok_mc) values (2109,2,210902);
Insert into OKRES_SYM (rok,mc,rok_mc) values (2109,3,210903);
Insert into OKRES_SYM (rok,mc,rok_mc) values (2109,4,210904);
Insert into OKRES_SYM (rok,mc,rok_mc) values (2109,5,210905);
Insert into OKRES_SYM (rok,mc,rok_mc) values (2109,6,210906);
Insert into OKRES_SYM (rok,mc,rok_mc) values (2109,7,210907);
Insert into OKRES_SYM (rok,mc,rok_mc) values (2109,8,210908);
Insert into OKRES_SYM (rok,mc,rok_mc) values (2109,9,210909);
Insert into OKRES_SYM (rok,mc,rok_mc) values (2109,10,210910);
Insert into OKRES_SYM (rok,mc,rok_mc) values (2109,11,210911);
Insert into OKRES_SYM (rok,mc,rok_mc) values (2109,12,210912);
Insert into OKRES_SYM (rok,mc,rok_mc) values (2110,1,211001);
Insert into OKRES_SYM (rok,mc,rok_mc) values (2110,2,211002);
Insert into OKRES_SYM (rok,mc,rok_mc) values (2110,3,211003);
Insert into OKRES_SYM (rok,mc,rok_mc) values (2110,4,211004);
Insert into OKRES_SYM (rok,mc,rok_mc) values (2110,5,211005);
Insert into OKRES_SYM (rok,mc,rok_mc) values (2110,6,211006);
Insert into OKRES_SYM (rok,mc,rok_mc) values (2110,7,211007);
Insert into OKRES_SYM (rok,mc,rok_mc) values (2110,8,211008);
Insert into OKRES_SYM (rok,mc,rok_mc) values (2110,9,211009);
Insert into OKRES_SYM (rok,mc,rok_mc) values (2110,10,211010);
Insert into OKRES_SYM (rok,mc,rok_mc) values (2110,11,211011);
Insert into OKRES_SYM (rok,mc,rok_mc) values (2110,12,211012);
Insert into OKRES_SYM (rok,mc,rok_mc) values (2111,1,211101);
Insert into OKRES_SYM (rok,mc,rok_mc) values (2111,2,211102);
Insert into OKRES_SYM (rok,mc,rok_mc) values (2111,3,211103);
Insert into OKRES_SYM (rok,mc,rok_mc) values (2111,4,211104);
Insert into OKRES_SYM (rok,mc,rok_mc) values (2111,5,211105);
Insert into OKRES_SYM (rok,mc,rok_mc) values (2111,6,211106);
Insert into OKRES_SYM (rok,mc,rok_mc) values (2111,7,211107);
Insert into OKRES_SYM (rok,mc,rok_mc) values (2111,8,211108);
Insert into OKRES_SYM (rok,mc,rok_mc) values (2111,9,211109);
Insert into OKRES_SYM (rok,mc,rok_mc) values (2111,10,211110);
Insert into OKRES_SYM (rok,mc,rok_mc) values (2111,11,211111);
Insert into OKRES_SYM (rok,mc,rok_mc) values (2111,12,211112);
Insert into OKRES_SYM (rok,mc,rok_mc) values (2112,1,211201);
Insert into OKRES_SYM (rok,mc,rok_mc) values (2112,2,211202);
Insert into OKRES_SYM (rok,mc,rok_mc) values (2112,3,211203);
Insert into OKRES_SYM (rok,mc,rok_mc) values (2112,4,211204);
Insert into OKRES_SYM (rok,mc,rok_mc) values (2112,5,211205);
Insert into OKRES_SYM (rok,mc,rok_mc) values (2112,6,211206);
Insert into OKRES_SYM (rok,mc,rok_mc) values (2112,7,211207);
Insert into OKRES_SYM (rok,mc,rok_mc) values (2112,8,211208);
Insert into OKRES_SYM (rok,mc,rok_mc) values (2112,9,211209);
Insert into OKRES_SYM (rok,mc,rok_mc) values (2112,10,211210);
Insert into OKRES_SYM (rok,mc,rok_mc) values (2112,11,211211);
Insert into OKRES_SYM (rok,mc,rok_mc) values (2112,12,211212);
Insert into OKRES_SYM (rok,mc,rok_mc) values (2113,1,211301);
Insert into OKRES_SYM (rok,mc,rok_mc) values (2113,2,211302);
Insert into OKRES_SYM (rok,mc,rok_mc) values (2113,3,211303);
Insert into OKRES_SYM (rok,mc,rok_mc) values (2113,4,211304);
Insert into OKRES_SYM (rok,mc,rok_mc) values (2113,5,211305);
Insert into OKRES_SYM (rok,mc,rok_mc) values (2113,6,211306);
Insert into OKRES_SYM (rok,mc,rok_mc) values (2113,7,211307);
Insert into OKRES_SYM (rok,mc,rok_mc) values (2113,8,211308);
Insert into OKRES_SYM (rok,mc,rok_mc) values (2113,9,211309);
Insert into OKRES_SYM (rok,mc,rok_mc) values (2113,10,211310);
Insert into OKRES_SYM (rok,mc,rok_mc) values (2113,11,211311);
Insert into OKRES_SYM (rok,mc,rok_mc) values (2113,12,211312);
Insert into OKRES_SYM (rok,mc,rok_mc) values (2114,1,211401);
Insert into OKRES_SYM (rok,mc,rok_mc) values (2114,2,211402);
Insert into OKRES_SYM (rok,mc,rok_mc) values (2114,3,211403);
Insert into OKRES_SYM (rok,mc,rok_mc) values (2114,4,211404);
Insert into OKRES_SYM (rok,mc,rok_mc) values (2114,5,211405);
Insert into OKRES_SYM (rok,mc,rok_mc) values (2114,6,211406);
Insert into OKRES_SYM (rok,mc,rok_mc) values (2114,7,211407);
Insert into OKRES_SYM (rok,mc,rok_mc) values (2114,8,211408);
Insert into OKRES_SYM (rok,mc,rok_mc) values (2114,9,211409);
Insert into OKRES_SYM (rok,mc,rok_mc) values (2114,10,211410);
Insert into OKRES_SYM (rok,mc,rok_mc) values (2114,11,211411);
Insert into OKRES_SYM (rok,mc,rok_mc) values (2114,12,211412);
Insert into OKRES_SYM (rok,mc,rok_mc) values (2115,1,211501);
Insert into OKRES_SYM (rok,mc,rok_mc) values (2115,2,211502);
Insert into OKRES_SYM (rok,mc,rok_mc) values (2115,3,211503);
Insert into OKRES_SYM (rok,mc,rok_mc) values (2115,4,211504);
Insert into OKRES_SYM (rok,mc,rok_mc) values (2115,5,211505);
Insert into OKRES_SYM (rok,mc,rok_mc) values (2115,6,211506);
Insert into OKRES_SYM (rok,mc,rok_mc) values (2115,7,211507);
Insert into OKRES_SYM (rok,mc,rok_mc) values (2115,8,211508);
Insert into OKRES_SYM (rok,mc,rok_mc) values (2115,9,211509);
Insert into OKRES_SYM (rok,mc,rok_mc) values (2115,10,211510);
Insert into OKRES_SYM (rok,mc,rok_mc) values (2115,11,211511);
Insert into OKRES_SYM (rok,mc,rok_mc) values (2115,12,211512);
Insert into OKRES_SYM (rok,mc,rok_mc) values (2116,1,211601);
Insert into OKRES_SYM (rok,mc,rok_mc) values (2116,2,211602);
Insert into OKRES_SYM (rok,mc,rok_mc) values (2116,3,211603);
Insert into OKRES_SYM (rok,mc,rok_mc) values (2116,4,211604);
Insert into OKRES_SYM (rok,mc,rok_mc) values (2116,5,211605);
Insert into OKRES_SYM (rok,mc,rok_mc) values (2116,6,211606);
Insert into OKRES_SYM (rok,mc,rok_mc) values (2116,7,211607);
Insert into OKRES_SYM (rok,mc,rok_mc) values (2116,8,211608);
Insert into OKRES_SYM (rok,mc,rok_mc) values (2116,9,211609);
Insert into OKRES_SYM (rok,mc,rok_mc) values (2116,10,211610);
Insert into OKRES_SYM (rok,mc,rok_mc) values (2116,11,211611);
Insert into OKRES_SYM (rok,mc,rok_mc) values (2116,12,211612);
Insert into OKRES_SYM (rok,mc,rok_mc) values (2117,1,211701);
Insert into OKRES_SYM (rok,mc,rok_mc) values (2117,2,211702);
Insert into OKRES_SYM (rok,mc,rok_mc) values (2117,3,211703);
Insert into OKRES_SYM (rok,mc,rok_mc) values (2117,4,211704);
Insert into OKRES_SYM (rok,mc,rok_mc) values (2117,5,211705);
Insert into OKRES_SYM (rok,mc,rok_mc) values (2117,6,211706);
Insert into OKRES_SYM (rok,mc,rok_mc) values (2117,7,211707);
Insert into OKRES_SYM (rok,mc,rok_mc) values (2117,8,211708);
Insert into OKRES_SYM (rok,mc,rok_mc) values (2117,9,211709);
Insert into OKRES_SYM (rok,mc,rok_mc) values (2117,10,211710);
Insert into OKRES_SYM (rok,mc,rok_mc) values (2117,11,211711);
Insert into OKRES_SYM (rok,mc,rok_mc) values (2117,12,211712);
Insert into OKRES_SYM (rok,mc,rok_mc) values (2118,1,211801);
Insert into OKRES_SYM (rok,mc,rok_mc) values (2118,2,211802);
Insert into OKRES_SYM (rok,mc,rok_mc) values (2118,3,211803);
Insert into OKRES_SYM (rok,mc,rok_mc) values (2118,4,211804);
Insert into OKRES_SYM (rok,mc,rok_mc) values (2118,5,211805);
Insert into OKRES_SYM (rok,mc,rok_mc) values (2118,6,211806);
Insert into OKRES_SYM (rok,mc,rok_mc) values (2118,7,211807);
Insert into OKRES_SYM (rok,mc,rok_mc) values (2118,8,211808);
Insert into OKRES_SYM (rok,mc,rok_mc) values (2118,9,211809);
Insert into OKRES_SYM (rok,mc,rok_mc) values (2118,10,211810);
Insert into OKRES_SYM (rok,mc,rok_mc) values (2118,11,211811);
Insert into OKRES_SYM (rok,mc,rok_mc) values (2118,12,211812);
Insert into OKRES_SYM (rok,mc,rok_mc) values (2119,1,211901);
Insert into OKRES_SYM (rok,mc,rok_mc) values (2119,2,211902);
Insert into OKRES_SYM (rok,mc,rok_mc) values (2119,3,211903);
Insert into OKRES_SYM (rok,mc,rok_mc) values (2119,4,211904);
Insert into OKRES_SYM (rok,mc,rok_mc) values (2119,5,211905);
Insert into OKRES_SYM (rok,mc,rok_mc) values (2119,6,211906);
Insert into OKRES_SYM (rok,mc,rok_mc) values (2119,7,211907);
Insert into OKRES_SYM (rok,mc,rok_mc) values (2119,8,211908);
Insert into OKRES_SYM (rok,mc,rok_mc) values (2119,9,211909);
Insert into OKRES_SYM (rok,mc,rok_mc) values (2119,10,211910);
Insert into OKRES_SYM (rok,mc,rok_mc) values (2119,11,211911);
Insert into OKRES_SYM (rok,mc,rok_mc) values (2119,12,211912);
Insert into OKRES_SYM (rok,mc,rok_mc) values (2120,1,212001);
Insert into OKRES_SYM (rok,mc,rok_mc) values (2120,2,212002);
Insert into OKRES_SYM (rok,mc,rok_mc) values (2120,3,212003);
Insert into OKRES_SYM (rok,mc,rok_mc) values (2120,4,212004);
Insert into OKRES_SYM (rok,mc,rok_mc) values (2120,5,212005);
Insert into OKRES_SYM (rok,mc,rok_mc) values (2120,6,212006);
Insert into OKRES_SYM (rok,mc,rok_mc) values (2120,7,212007);
Insert into OKRES_SYM (rok,mc,rok_mc) values (2120,8,212008);
Insert into OKRES_SYM (rok,mc,rok_mc) values (2120,9,212009);
Insert into OKRES_SYM (rok,mc,rok_mc) values (2120,10,212010);
Insert into OKRES_SYM (rok,mc,rok_mc) values (2120,11,212011);
Insert into OKRES_SYM (rok,mc,rok_mc) values (2120,12,212012);
Insert into OKRES_SYM (rok,mc,rok_mc) values (2121,1,212101);
Insert into OKRES_SYM (rok,mc,rok_mc) values (2121,2,212102);
Insert into OKRES_SYM (rok,mc,rok_mc) values (2121,3,212103);
Insert into OKRES_SYM (rok,mc,rok_mc) values (2121,4,212104);
Insert into OKRES_SYM (rok,mc,rok_mc) values (2121,5,212105);
Insert into OKRES_SYM (rok,mc,rok_mc) values (2121,6,212106);
Insert into OKRES_SYM (rok,mc,rok_mc) values (2121,7,212107);
Insert into OKRES_SYM (rok,mc,rok_mc) values (2121,8,212108);
Insert into OKRES_SYM (rok,mc,rok_mc) values (2121,9,212109);
Insert into OKRES_SYM (rok,mc,rok_mc) values (2121,10,212110);
Insert into OKRES_SYM (rok,mc,rok_mc) values (2121,11,212111);
Insert into OKRES_SYM (rok,mc,rok_mc) values (2121,12,212112);
Insert into OKRES_SYM (rok,mc,rok_mc) values (2122,1,212201);
Insert into OKRES_SYM (rok,mc,rok_mc) values (2122,2,212202);
Insert into OKRES_SYM (rok,mc,rok_mc) values (2122,3,212203);
Insert into OKRES_SYM (rok,mc,rok_mc) values (2122,4,212204);
Insert into OKRES_SYM (rok,mc,rok_mc) values (2122,5,212205);
Insert into OKRES_SYM (rok,mc,rok_mc) values (2122,6,212206);
Insert into OKRES_SYM (rok,mc,rok_mc) values (2122,7,212207);
Insert into OKRES_SYM (rok,mc,rok_mc) values (2122,8,212208);
Insert into OKRES_SYM (rok,mc,rok_mc) values (2122,9,212209);
Insert into OKRES_SYM (rok,mc,rok_mc) values (2122,10,212210);
Insert into OKRES_SYM (rok,mc,rok_mc) values (2122,11,212211);
Insert into OKRES_SYM (rok,mc,rok_mc) values (2122,12,212212);
Insert into OKRES_SYM (rok,mc,rok_mc) values (2123,1,212301);
Insert into OKRES_SYM (rok,mc,rok_mc) values (2123,2,212302);
Insert into OKRES_SYM (rok,mc,rok_mc) values (2123,3,212303);
Insert into OKRES_SYM (rok,mc,rok_mc) values (2123,4,212304);
Insert into OKRES_SYM (rok,mc,rok_mc) values (2123,5,212305);
Insert into OKRES_SYM (rok,mc,rok_mc) values (2123,6,212306);
Insert into OKRES_SYM (rok,mc,rok_mc) values (2123,7,212307);
Insert into OKRES_SYM (rok,mc,rok_mc) values (2123,8,212308);
Insert into OKRES_SYM (rok,mc,rok_mc) values (2123,9,212309);
Insert into OKRES_SYM (rok,mc,rok_mc) values (2123,10,212310);
Insert into OKRES_SYM (rok,mc,rok_mc) values (2123,11,212311);
Insert into OKRES_SYM (rok,mc,rok_mc) values (2123,12,212312);
Insert into OKRES_SYM (rok,mc,rok_mc) values (2124,1,212401);
Insert into OKRES_SYM (rok,mc,rok_mc) values (2124,2,212402);
Insert into OKRES_SYM (rok,mc,rok_mc) values (2124,3,212403);
Insert into OKRES_SYM (rok,mc,rok_mc) values (2124,4,212404);
Insert into OKRES_SYM (rok,mc,rok_mc) values (2124,5,212405);
Insert into OKRES_SYM (rok,mc,rok_mc) values (2124,6,212406);
Insert into OKRES_SYM (rok,mc,rok_mc) values (2124,7,212407);
Insert into OKRES_SYM (rok,mc,rok_mc) values (2124,8,212408);
Insert into OKRES_SYM (rok,mc,rok_mc) values (2124,9,212409);
Insert into OKRES_SYM (rok,mc,rok_mc) values (2124,10,212410);
Insert into OKRES_SYM (rok,mc,rok_mc) values (2124,11,212411);
Insert into OKRES_SYM (rok,mc,rok_mc) values (2124,12,212412);
Insert into OKRES_SYM (rok,mc,rok_mc) values (2125,1,212501);
Insert into OKRES_SYM (rok,mc,rok_mc) values (2125,2,212502);
Insert into OKRES_SYM (rok,mc,rok_mc) values (2125,3,212503);
Insert into OKRES_SYM (rok,mc,rok_mc) values (2125,4,212504);
Insert into OKRES_SYM (rok,mc,rok_mc) values (2125,5,212505);
Insert into OKRES_SYM (rok,mc,rok_mc) values (2125,6,212506);
Insert into OKRES_SYM (rok,mc,rok_mc) values (2125,7,212507);
Insert into OKRES_SYM (rok,mc,rok_mc) values (2125,8,212508);
Insert into OKRES_SYM (rok,mc,rok_mc) values (2125,9,212509);
Insert into OKRES_SYM (rok,mc,rok_mc) values (2125,10,212510);
Insert into OKRES_SYM (rok,mc,rok_mc) values (2125,11,212511);
Insert into OKRES_SYM (rok,mc,rok_mc) values (2125,12,212512);
Insert into OKRES_SYM (rok,mc,rok_mc) values (2126,1,212601);
Insert into OKRES_SYM (rok,mc,rok_mc) values (2126,2,212602);
Insert into OKRES_SYM (rok,mc,rok_mc) values (2126,3,212603);
Insert into OKRES_SYM (rok,mc,rok_mc) values (2126,4,212604);
Insert into OKRES_SYM (rok,mc,rok_mc) values (2126,5,212605);
Insert into OKRES_SYM (rok,mc,rok_mc) values (2126,6,212606);
Insert into OKRES_SYM (rok,mc,rok_mc) values (2126,7,212607);
Insert into OKRES_SYM (rok,mc,rok_mc) values (2126,8,212608);
Insert into OKRES_SYM (rok,mc,rok_mc) values (2126,9,212609);
Insert into OKRES_SYM (rok,mc,rok_mc) values (2126,10,212610);
Insert into OKRES_SYM (rok,mc,rok_mc) values (2126,11,212611);
Insert into OKRES_SYM (rok,mc,rok_mc) values (2126,12,212612);
Insert into OKRES_SYM (rok,mc,rok_mc) values (2127,1,212701);
Insert into OKRES_SYM (rok,mc,rok_mc) values (2127,2,212702);
Insert into OKRES_SYM (rok,mc,rok_mc) values (2127,3,212703);
Insert into OKRES_SYM (rok,mc,rok_mc) values (2127,4,212704);
Insert into OKRES_SYM (rok,mc,rok_mc) values (2127,5,212705);
Insert into OKRES_SYM (rok,mc,rok_mc) values (2127,6,212706);
Insert into OKRES_SYM (rok,mc,rok_mc) values (2127,7,212707);
Insert into OKRES_SYM (rok,mc,rok_mc) values (2127,8,212708);
Insert into OKRES_SYM (rok,mc,rok_mc) values (2127,9,212709);
Insert into OKRES_SYM (rok,mc,rok_mc) values (2127,10,212710);
Insert into OKRES_SYM (rok,mc,rok_mc) values (2127,11,212711);
Insert into OKRES_SYM (rok,mc,rok_mc) values (2127,12,212712);
Insert into OKRES_SYM (rok,mc,rok_mc) values (2128,1,212801);
Insert into OKRES_SYM (rok,mc,rok_mc) values (2128,2,212802);
Insert into OKRES_SYM (rok,mc,rok_mc) values (2128,3,212803);
Insert into OKRES_SYM (rok,mc,rok_mc) values (2128,4,212804);
Insert into OKRES_SYM (rok,mc,rok_mc) values (2128,5,212805);
Insert into OKRES_SYM (rok,mc,rok_mc) values (2128,6,212806);
Insert into OKRES_SYM (rok,mc,rok_mc) values (2128,7,212807);
Insert into OKRES_SYM (rok,mc,rok_mc) values (2128,8,212808);
Insert into OKRES_SYM (rok,mc,rok_mc) values (2128,9,212809);
Insert into OKRES_SYM (rok,mc,rok_mc) values (2128,10,212810);
Insert into OKRES_SYM (rok,mc,rok_mc) values (2128,11,212811);
Insert into OKRES_SYM (rok,mc,rok_mc) values (2128,12,212812);
Insert into OKRES_SYM (rok,mc,rok_mc) values (2129,1,212901);
Insert into OKRES_SYM (rok,mc,rok_mc) values (2129,2,212902);
Insert into OKRES_SYM (rok,mc,rok_mc) values (2129,3,212903);
Insert into OKRES_SYM (rok,mc,rok_mc) values (2129,4,212904);
Insert into OKRES_SYM (rok,mc,rok_mc) values (2129,5,212905);
Insert into OKRES_SYM (rok,mc,rok_mc) values (2129,6,212906);
Insert into OKRES_SYM (rok,mc,rok_mc) values (2129,7,212907);
Insert into OKRES_SYM (rok,mc,rok_mc) values (2129,8,212908);
Insert into OKRES_SYM (rok,mc,rok_mc) values (2129,9,212909);
Insert into OKRES_SYM (rok,mc,rok_mc) values (2129,10,212910);
Insert into OKRES_SYM (rok,mc,rok_mc) values (2129,11,212911);
Insert into OKRES_SYM (rok,mc,rok_mc) values (2129,12,212912);
Insert into OKRES_SYM (rok,mc,rok_mc) values (2130,1,213001);
Insert into OKRES_SYM (rok,mc,rok_mc) values (2130,2,213002);
Insert into OKRES_SYM (rok,mc,rok_mc) values (2130,3,213003);
Insert into OKRES_SYM (rok,mc,rok_mc) values (2130,4,213004);
Insert into OKRES_SYM (rok,mc,rok_mc) values (2130,5,213005);
Insert into OKRES_SYM (rok,mc,rok_mc) values (2130,6,213006);
Insert into OKRES_SYM (rok,mc,rok_mc) values (2130,7,213007);
Insert into OKRES_SYM (rok,mc,rok_mc) values (2130,8,213008);
Insert into OKRES_SYM (rok,mc,rok_mc) values (2130,9,213009);
Insert into OKRES_SYM (rok,mc,rok_mc) values (2130,10,213010);
Insert into OKRES_SYM (rok,mc,rok_mc) values (2130,11,213011);
Insert into OKRES_SYM (rok,mc,rok_mc) values (2130,12,213012);
Insert into OKRES_SYM (rok,mc,rok_mc) values (2131,1,213101);
Insert into OKRES_SYM (rok,mc,rok_mc) values (2131,2,213102);
Insert into OKRES_SYM (rok,mc,rok_mc) values (2131,3,213103);
Insert into OKRES_SYM (rok,mc,rok_mc) values (2131,4,213104);
Insert into OKRES_SYM (rok,mc,rok_mc) values (2131,5,213105);
Insert into OKRES_SYM (rok,mc,rok_mc) values (2131,6,213106);
Insert into OKRES_SYM (rok,mc,rok_mc) values (2131,7,213107);
Insert into OKRES_SYM (rok,mc,rok_mc) values (2131,8,213108);
Insert into OKRES_SYM (rok,mc,rok_mc) values (2131,9,213109);
Insert into OKRES_SYM (rok,mc,rok_mc) values (2131,10,213110);
Insert into OKRES_SYM (rok,mc,rok_mc) values (2131,11,213111);
Insert into OKRES_SYM (rok,mc,rok_mc) values (2131,12,213112);
Insert into OKRES_SYM (rok,mc,rok_mc) values (2132,1,213201);
Insert into OKRES_SYM (rok,mc,rok_mc) values (2132,2,213202);
Insert into OKRES_SYM (rok,mc,rok_mc) values (2132,3,213203);
Insert into OKRES_SYM (rok,mc,rok_mc) values (2132,4,213204);
Insert into OKRES_SYM (rok,mc,rok_mc) values (2132,5,213205);
Insert into OKRES_SYM (rok,mc,rok_mc) values (2132,6,213206);
Insert into OKRES_SYM (rok,mc,rok_mc) values (2132,7,213207);
Insert into OKRES_SYM (rok,mc,rok_mc) values (2132,8,213208);
Insert into OKRES_SYM (rok,mc,rok_mc) values (2132,9,213209);
Insert into OKRES_SYM (rok,mc,rok_mc) values (2132,10,213210);
Insert into OKRES_SYM (rok,mc,rok_mc) values (2132,11,213211);
Insert into OKRES_SYM (rok,mc,rok_mc) values (2132,12,213212);
Insert into OKRES_SYM (rok,mc,rok_mc) values (2133,1,213301);
Insert into OKRES_SYM (rok,mc,rok_mc) values (2133,2,213302);
Insert into OKRES_SYM (rok,mc,rok_mc) values (2133,3,213303);
Insert into OKRES_SYM (rok,mc,rok_mc) values (2133,4,213304);
Insert into OKRES_SYM (rok,mc,rok_mc) values (2133,5,213305);
Insert into OKRES_SYM (rok,mc,rok_mc) values (2133,6,213306);
Insert into OKRES_SYM (rok,mc,rok_mc) values (2133,7,213307);
Insert into OKRES_SYM (rok,mc,rok_mc) values (2133,8,213308);
Insert into OKRES_SYM (rok,mc,rok_mc) values (2133,9,213309);
Insert into OKRES_SYM (rok,mc,rok_mc) values (2133,10,213310);
Insert into OKRES_SYM (rok,mc,rok_mc) values (2133,11,213311);
Insert into OKRES_SYM (rok,mc,rok_mc) values (2133,12,213312);
Insert into OKRES_SYM (rok,mc,rok_mc) values (2134,1,213401);
Insert into OKRES_SYM (rok,mc,rok_mc) values (2134,2,213402);
Insert into OKRES_SYM (rok,mc,rok_mc) values (2134,3,213403);
Insert into OKRES_SYM (rok,mc,rok_mc) values (2134,4,213404);
Insert into OKRES_SYM (rok,mc,rok_mc) values (2134,5,213405);
Insert into OKRES_SYM (rok,mc,rok_mc) values (2134,6,213406);
Insert into OKRES_SYM (rok,mc,rok_mc) values (2134,7,213407);
Insert into OKRES_SYM (rok,mc,rok_mc) values (2134,8,213408);
Insert into OKRES_SYM (rok,mc,rok_mc) values (2134,9,213409);
Insert into OKRES_SYM (rok,mc,rok_mc) values (2134,10,213410);
Insert into OKRES_SYM (rok,mc,rok_mc) values (2134,11,213411);
Insert into OKRES_SYM (rok,mc,rok_mc) values (2134,12,213412);
Insert into OKRES_SYM (rok,mc,rok_mc) values (2135,1,213501);
Insert into OKRES_SYM (rok,mc,rok_mc) values (2135,2,213502);
Insert into OKRES_SYM (rok,mc,rok_mc) values (2135,3,213503);
Insert into OKRES_SYM (rok,mc,rok_mc) values (2135,4,213504);
Insert into OKRES_SYM (rok,mc,rok_mc) values (2135,5,213505);
Insert into OKRES_SYM (rok,mc,rok_mc) values (2135,6,213506);
Insert into OKRES_SYM (rok,mc,rok_mc) values (2135,7,213507);
Insert into OKRES_SYM (rok,mc,rok_mc) values (2135,8,213508);
Insert into OKRES_SYM (rok,mc,rok_mc) values (2135,9,213509);
Insert into OKRES_SYM (rok,mc,rok_mc) values (2135,10,213510);
Insert into OKRES_SYM (rok,mc,rok_mc) values (2135,11,213511);
Insert into OKRES_SYM (rok,mc,rok_mc) values (2135,12,213512);
Insert into OKRES_SYM (rok,mc,rok_mc) values (2136,1,213601);
Insert into OKRES_SYM (rok,mc,rok_mc) values (2136,2,213602);
Insert into OKRES_SYM (rok,mc,rok_mc) values (2136,3,213603);
Insert into OKRES_SYM (rok,mc,rok_mc) values (2136,4,213604);
Insert into OKRES_SYM (rok,mc,rok_mc) values (2136,5,213605);
Insert into OKRES_SYM (rok,mc,rok_mc) values (2136,6,213606);
Insert into OKRES_SYM (rok,mc,rok_mc) values (2136,7,213607);
Insert into OKRES_SYM (rok,mc,rok_mc) values (2136,8,213608);
Insert into OKRES_SYM (rok,mc,rok_mc) values (2136,9,213609);
Insert into OKRES_SYM (rok,mc,rok_mc) values (2136,10,213610);
Insert into OKRES_SYM (rok,mc,rok_mc) values (2136,11,213611);
Insert into OKRES_SYM (rok,mc,rok_mc) values (2136,12,213612);
Insert into OKRES_SYM (rok,mc,rok_mc) values (2137,1,213701);
Insert into OKRES_SYM (rok,mc,rok_mc) values (2137,2,213702);
Insert into OKRES_SYM (rok,mc,rok_mc) values (2137,3,213703);
Insert into OKRES_SYM (rok,mc,rok_mc) values (2137,4,213704);
Insert into OKRES_SYM (rok,mc,rok_mc) values (2137,5,213705);
Insert into OKRES_SYM (rok,mc,rok_mc) values (2137,6,213706);
Insert into OKRES_SYM (rok,mc,rok_mc) values (2137,7,213707);
Insert into OKRES_SYM (rok,mc,rok_mc) values (2137,8,213708);
Insert into OKRES_SYM (rok,mc,rok_mc) values (2137,9,213709);
Insert into OKRES_SYM (rok,mc,rok_mc) values (2137,10,213710);
Insert into OKRES_SYM (rok,mc,rok_mc) values (2137,11,213711);
Insert into OKRES_SYM (rok,mc,rok_mc) values (2137,12,213712);
Insert into OKRES_SYM (rok,mc,rok_mc) values (2138,1,213801);
Insert into OKRES_SYM (rok,mc,rok_mc) values (2138,2,213802);
Insert into OKRES_SYM (rok,mc,rok_mc) values (2138,3,213803);
Insert into OKRES_SYM (rok,mc,rok_mc) values (2138,4,213804);
Insert into OKRES_SYM (rok,mc,rok_mc) values (2138,5,213805);
Insert into OKRES_SYM (rok,mc,rok_mc) values (2138,6,213806);
Insert into OKRES_SYM (rok,mc,rok_mc) values (2138,7,213807);
Insert into OKRES_SYM (rok,mc,rok_mc) values (2138,8,213808);
Insert into OKRES_SYM (rok,mc,rok_mc) values (2138,9,213809);
Insert into OKRES_SYM (rok,mc,rok_mc) values (2138,10,213810);
Insert into OKRES_SYM (rok,mc,rok_mc) values (2138,11,213811);
Insert into OKRES_SYM (rok,mc,rok_mc) values (2138,12,213812);
Insert into OKRES_SYM (rok,mc,rok_mc) values (2139,1,213901);
Insert into OKRES_SYM (rok,mc,rok_mc) values (2139,2,213902);
Insert into OKRES_SYM (rok,mc,rok_mc) values (2139,3,213903);
Insert into OKRES_SYM (rok,mc,rok_mc) values (2139,4,213904);
Insert into OKRES_SYM (rok,mc,rok_mc) values (2139,5,213905);
Insert into OKRES_SYM (rok,mc,rok_mc) values (2139,6,213906);
Insert into OKRES_SYM (rok,mc,rok_mc) values (2139,7,213907);
Insert into OKRES_SYM (rok,mc,rok_mc) values (2139,8,213908);
Insert into OKRES_SYM (rok,mc,rok_mc) values (2139,9,213909);
Insert into OKRES_SYM (rok,mc,rok_mc) values (2139,10,213910);
Insert into OKRES_SYM (rok,mc,rok_mc) values (2139,11,213911);
Insert into OKRES_SYM (rok,mc,rok_mc) values (2139,12,213912);
Insert into OKRES_SYM (rok,mc,rok_mc) values (2140,1,214001);
Insert into OKRES_SYM (rok,mc,rok_mc) values (2140,2,214002);
Insert into OKRES_SYM (rok,mc,rok_mc) values (2140,3,214003);
Insert into OKRES_SYM (rok,mc,rok_mc) values (2140,4,214004);
Insert into OKRES_SYM (rok,mc,rok_mc) values (2140,5,214005);
Insert into OKRES_SYM (rok,mc,rok_mc) values (2140,6,214006);
Insert into OKRES_SYM (rok,mc,rok_mc) values (2140,7,214007);
Insert into OKRES_SYM (rok,mc,rok_mc) values (2140,8,214008);
Insert into OKRES_SYM (rok,mc,rok_mc) values (2140,9,214009);
Insert into OKRES_SYM (rok,mc,rok_mc) values (2140,10,214010);
Insert into OKRES_SYM (rok,mc,rok_mc) values (2140,11,214011);
Insert into OKRES_SYM (rok,mc,rok_mc) values (2140,12,214012);
Insert into OKRES_SYM (rok,mc,rok_mc) values (2141,1,214101);
Insert into OKRES_SYM (rok,mc,rok_mc) values (2141,2,214102);
Insert into OKRES_SYM (rok,mc,rok_mc) values (2141,3,214103);
Insert into OKRES_SYM (rok,mc,rok_mc) values (2141,4,214104);
Insert into OKRES_SYM (rok,mc,rok_mc) values (2141,5,214105);
Insert into OKRES_SYM (rok,mc,rok_mc) values (2141,6,214106);
Insert into OKRES_SYM (rok,mc,rok_mc) values (2141,7,214107);
Insert into OKRES_SYM (rok,mc,rok_mc) values (2141,8,214108);
Insert into OKRES_SYM (rok,mc,rok_mc) values (2141,9,214109);
Insert into OKRES_SYM (rok,mc,rok_mc) values (2141,10,214110);
Insert into OKRES_SYM (rok,mc,rok_mc) values (2141,11,214111);
Insert into OKRES_SYM (rok,mc,rok_mc) values (2141,12,214112);
Insert into OKRES_SYM (rok,mc,rok_mc) values (2142,1,214201);
Insert into OKRES_SYM (rok,mc,rok_mc) values (2142,2,214202);
Insert into OKRES_SYM (rok,mc,rok_mc) values (2142,3,214203);
Insert into OKRES_SYM (rok,mc,rok_mc) values (2142,4,214204);
Insert into OKRES_SYM (rok,mc,rok_mc) values (2142,5,214205);
Insert into OKRES_SYM (rok,mc,rok_mc) values (2142,6,214206);
Insert into OKRES_SYM (rok,mc,rok_mc) values (2142,7,214207);
Insert into OKRES_SYM (rok,mc,rok_mc) values (2142,8,214208);
Insert into OKRES_SYM (rok,mc,rok_mc) values (2142,9,214209);
Insert into OKRES_SYM (rok,mc,rok_mc) values (2142,10,214210);
Insert into OKRES_SYM (rok,mc,rok_mc) values (2142,11,214211);
Insert into OKRES_SYM (rok,mc,rok_mc) values (2142,12,214212);
Insert into OKRES_SYM (rok,mc,rok_mc) values (2143,1,214301);
Insert into OKRES_SYM (rok,mc,rok_mc) values (2143,2,214302);
Insert into OKRES_SYM (rok,mc,rok_mc) values (2143,3,214303);
Insert into OKRES_SYM (rok,mc,rok_mc) values (2143,4,214304);
Insert into OKRES_SYM (rok,mc,rok_mc) values (2143,5,214305);
Insert into OKRES_SYM (rok,mc,rok_mc) values (2143,6,214306);
Insert into OKRES_SYM (rok,mc,rok_mc) values (2143,7,214307);
Insert into OKRES_SYM (rok,mc,rok_mc) values (2143,8,214308);
Insert into OKRES_SYM (rok,mc,rok_mc) values (2143,9,214309);
Insert into OKRES_SYM (rok,mc,rok_mc) values (2143,10,214310);
Insert into OKRES_SYM (rok,mc,rok_mc) values (2143,11,214311);
Insert into OKRES_SYM (rok,mc,rok_mc) values (2143,12,214312);
Insert into OKRES_SYM (rok,mc,rok_mc) values (2144,1,214401);
Insert into OKRES_SYM (rok,mc,rok_mc) values (2144,2,214402);
Insert into OKRES_SYM (rok,mc,rok_mc) values (2144,3,214403);
Insert into OKRES_SYM (rok,mc,rok_mc) values (2144,4,214404);
Insert into OKRES_SYM (rok,mc,rok_mc) values (2144,5,214405);
Insert into OKRES_SYM (rok,mc,rok_mc) values (2144,6,214406);
Insert into OKRES_SYM (rok,mc,rok_mc) values (2144,7,214407);
Insert into OKRES_SYM (rok,mc,rok_mc) values (2144,8,214408);
Insert into OKRES_SYM (rok,mc,rok_mc) values (2144,9,214409);
Insert into OKRES_SYM (rok,mc,rok_mc) values (2144,10,214410);
Insert into OKRES_SYM (rok,mc,rok_mc) values (2144,11,214411);
Insert into OKRES_SYM (rok,mc,rok_mc) values (2144,12,214412);
Insert into OKRES_SYM (rok,mc,rok_mc) values (2145,1,214501);
Insert into OKRES_SYM (rok,mc,rok_mc) values (2145,2,214502);
Insert into OKRES_SYM (rok,mc,rok_mc) values (2145,3,214503);
Insert into OKRES_SYM (rok,mc,rok_mc) values (2145,4,214504);
Insert into OKRES_SYM (rok,mc,rok_mc) values (2145,5,214505);
Insert into OKRES_SYM (rok,mc,rok_mc) values (2145,6,214506);
Insert into OKRES_SYM (rok,mc,rok_mc) values (2145,7,214507);
Insert into OKRES_SYM (rok,mc,rok_mc) values (2145,8,214508);
Insert into OKRES_SYM (rok,mc,rok_mc) values (2145,9,214509);
Insert into OKRES_SYM (rok,mc,rok_mc) values (2145,10,214510);
Insert into OKRES_SYM (rok,mc,rok_mc) values (2145,11,214511);
Insert into OKRES_SYM (rok,mc,rok_mc) values (2145,12,214512);
Insert into OKRES_SYM (rok,mc,rok_mc) values (2146,1,214601);
Insert into OKRES_SYM (rok,mc,rok_mc) values (2146,2,214602);
Insert into OKRES_SYM (rok,mc,rok_mc) values (2146,3,214603);
Insert into OKRES_SYM (rok,mc,rok_mc) values (2146,4,214604);
Insert into OKRES_SYM (rok,mc,rok_mc) values (2146,5,214605);
Insert into OKRES_SYM (rok,mc,rok_mc) values (2146,6,214606);
Insert into OKRES_SYM (rok,mc,rok_mc) values (2146,7,214607);
Insert into OKRES_SYM (rok,mc,rok_mc) values (2146,8,214608);
Insert into OKRES_SYM (rok,mc,rok_mc) values (2146,9,214609);
Insert into OKRES_SYM (rok,mc,rok_mc) values (2146,10,214610);
Insert into OKRES_SYM (rok,mc,rok_mc) values (2146,11,214611);
Insert into OKRES_SYM (rok,mc,rok_mc) values (2146,12,214612);
Insert into OKRES_SYM (rok,mc,rok_mc) values (2147,1,214701);
Insert into OKRES_SYM (rok,mc,rok_mc) values (2147,2,214702);
Insert into OKRES_SYM (rok,mc,rok_mc) values (2147,3,214703);
Insert into OKRES_SYM (rok,mc,rok_mc) values (2147,4,214704);
Insert into OKRES_SYM (rok,mc,rok_mc) values (2147,5,214705);
Insert into OKRES_SYM (rok,mc,rok_mc) values (2147,6,214706);
Insert into OKRES_SYM (rok,mc,rok_mc) values (2147,7,214707);
Insert into OKRES_SYM (rok,mc,rok_mc) values (2147,8,214708);
Insert into OKRES_SYM (rok,mc,rok_mc) values (2147,9,214709);
Insert into OKRES_SYM (rok,mc,rok_mc) values (2147,10,214710);
Insert into OKRES_SYM (rok,mc,rok_mc) values (2147,11,214711);
Insert into OKRES_SYM (rok,mc,rok_mc) values (2147,12,214712);
Insert into OKRES_SYM (rok,mc,rok_mc) values (2148,1,214801);
Insert into OKRES_SYM (rok,mc,rok_mc) values (2148,2,214802);
Insert into OKRES_SYM (rok,mc,rok_mc) values (2148,3,214803);
Insert into OKRES_SYM (rok,mc,rok_mc) values (2148,4,214804);
Insert into OKRES_SYM (rok,mc,rok_mc) values (2148,5,214805);
Insert into OKRES_SYM (rok,mc,rok_mc) values (2148,6,214806);
Insert into OKRES_SYM (rok,mc,rok_mc) values (2148,7,214807);
Insert into OKRES_SYM (rok,mc,rok_mc) values (2148,8,214808);
Insert into OKRES_SYM (rok,mc,rok_mc) values (2148,9,214809);
Insert into OKRES_SYM (rok,mc,rok_mc) values (2148,10,214810);
Insert into OKRES_SYM (rok,mc,rok_mc) values (2148,11,214811);
Insert into OKRES_SYM (rok,mc,rok_mc) values (2148,12,214812);
Insert into OKRES_SYM (rok,mc,rok_mc) values (2149,1,214901);
Insert into OKRES_SYM (rok,mc,rok_mc) values (2149,2,214902);
Insert into OKRES_SYM (rok,mc,rok_mc) values (2149,3,214903);
Insert into OKRES_SYM (rok,mc,rok_mc) values (2149,4,214904);
Insert into OKRES_SYM (rok,mc,rok_mc) values (2149,5,214905);
Insert into OKRES_SYM (rok,mc,rok_mc) values (2149,6,214906);
Insert into OKRES_SYM (rok,mc,rok_mc) values (2149,7,214907);
Insert into OKRES_SYM (rok,mc,rok_mc) values (2149,8,214908);
Insert into OKRES_SYM (rok,mc,rok_mc) values (2149,9,214909);
Insert into OKRES_SYM (rok,mc,rok_mc) values (2149,10,214910);
Insert into OKRES_SYM (rok,mc,rok_mc) values (2149,11,214911);
Insert into OKRES_SYM (rok,mc,rok_mc) values (2149,12,214912);
Insert into OKRES_SYM (rok,mc,rok_mc) values (2150,1,215001);
Insert into OKRES_SYM (rok,mc,rok_mc) values (2150,2,215002);
Insert into OKRES_SYM (rok,mc,rok_mc) values (2150,3,215003);
Insert into OKRES_SYM (rok,mc,rok_mc) values (2150,4,215004);
Insert into OKRES_SYM (rok,mc,rok_mc) values (2150,5,215005);
Insert into OKRES_SYM (rok,mc,rok_mc) values (2150,6,215006);
Insert into OKRES_SYM (rok,mc,rok_mc) values (2150,7,215007);
Insert into OKRES_SYM (rok,mc,rok_mc) values (2150,8,215008);
Insert into OKRES_SYM (rok,mc,rok_mc) values (2150,9,215009);
Insert into OKRES_SYM (rok,mc,rok_mc) values (2150,10,215010);
Insert into OKRES_SYM (rok,mc,rok_mc) values (2150,11,215011);
Insert into OKRES_SYM (rok,mc,rok_mc) values (2150,12,215012);
